SA2_CODE,YEAR,MEDIAN_ANNUAL_EMPLOYEE_INCOME,POP
101021007,2020,53848,
101021008,2020,63947,
101021009,2020,63627,
101021010,2020,65520,
101021012,2020,75396,
101031013,2020,49131,
101031014,2020,49169,
101031015,2020,51540,
101031016,2020,41441,
101041017,2020,39412,
101041018,2020,42035,
101041019,2020,48303,
101041020,2020,41671,
101041021,2020,43974,
101041022,2020,66607,
101041023,2020,42373,
101041024,2020,41100,
101041025,2020,44189,
101041026,2020,42476,
101041027,2020,36000,
101051539,2020,52902,
101051540,2020,50448,
101061541,2020,58549,
101061542,2020,65572,
101061543,2020,45337,
101061544,2020,44930,
102011028,2020,53929,
102011029,2020,53110,
102011030,2020,46586,
102011031,2020,51966,
102011032,2020,53603,
102011033,2020,56077,
102011035,2020,55804,
102011036,2020,54074,
102011037,2020,57156,
102011038,2020,52575,
102011040,2020,51510,
102011041,2020,53662,
102011042,2020,51475,
102011043,2020,53105,
102021044,2020,50814,
102021045,2020,49632,
102021046,2020,51143,
102021047,2020,53057,
102021048,2020,48931,
102021049,2020,53167,
102021050,2020,49373,
102021051,2020,53849,
102021052,2020,50511,
102021053,2020,53760,
102021054,2020,48749,
102021055,2020,52083,
102021056,2020,54784,
102021057,2020,48365,
103011059,2020,55635,
103011060,2020,54829,
103011061,2020,54625,
103021062,2020,43600,
103021063,2020,45822,
103021064,2020,43497,
103021065,2020,49148,
103021066,2020,41612,
103021067,2020,52507,
103021068,2020,43264,
103021069,2020,45590,
103031070,2020,52541,
103031071,2020,53812,
103031072,2020,54260,
103031073,2020,45269,
103031074,2020,50184,
103041076,2020,53004,
103041077,2020,51675,
103041078,2020,58385,
103041079,2020,54408,
104011080,2020,46799,
104011081,2020,46337,
104011082,2020,42617,
104021083,2020,40411,
104021084,2020,43943,
104021085,2020,44621,
104021086,2020,47420,
104021087,2020,37751,
104021088,2020,48138,
104021089,2020,46656,
104021090,2020,46006,
104021091,2020,35895,
105011092,2020,52015,
105011093,2020,58905,
105011094,2020,44269,
105011095,2020,50104,
105011096,2020,43096,
105021097,2020,55146,
105021098,2020,40064,
105031099,2020,42435,
105031100,2020,51947,
105031101,2020,55062,
105031102,2020,53430,
105031103,2020,53458,
105031104,2020,44395,
105031105,2020,47502,
105031106,2020,47102,
106011107,2020,59766,
106011108,2020,49534,
106011109,2020,53241,
106011110,2020,53277,
106011111,2020,52525,
106011112,2020,61334,
106011113,2020,61366,
106021114,2020,56727,
106021116,2020,60994,
106031119,2020,45961,
106031120,2020,48556,
106031121,2020,45211,
106031122,2020,50248,
106031123,2020,56336,
106031124,2020,42149,
106031125,2020,55000,
106041126,2020,59343,
106041127,2020,57644,
106041128,2020,53185,
106041129,2020,51159,
107011131,2020,53897,
107011132,2020,59834,
107011134,2020,57478,
107011545,2020,49685,
107011546,2020,49603,
107011547,2020,52734,
107021135,2020,83340,
107031136,2020,58187,
107031137,2020,52747,
107031138,2020,54433,
107031139,2020,58516,
107031140,2020,52571,
107031141,2020,57505,
107031142,2020,53353,
107031143,2020,50015,
107041144,2020,54606,
107041145,2020,56774,
107041146,2020,55087,
107041147,2020,62799,
107041148,2020,65264,
107041150,2020,62564,
107041548,2020,52934,
107041549,2020,49265,
108011151,2020,45820,
108011152,2020,42000,
108011153,2020,38736,
108011154,2020,39907,
108021155,2020,44318,
108021156,2020,42640,
108021157,2020,43493,
108021158,2020,39599,
108021159,2020,42005,
108021160,2020,43343,
108031161,2020,42114,
108041162,2020,44714,
108041164,2020,46134,
108041165,2020,44567,
108041166,2020,46593,
108051167,2020,44951,
108051168,2020,47225,
108051169,2020,44342,
108051170,2020,44312,
108051171,2020,46296,
109011172,2020,55742,
109011173,2020,49740,
109011174,2020,50551,
109011175,2020,48373,
109011176,2020,46495,
109021177,2020,44986,
109021178,2020,29782,
109021179,2020,40111,
109031180,2020,48461,
109031181,2020,48520,
109031182,2020,47939,
109031183,2020,40266,
109031184,2020,47533,
109031185,2020,43662,
110011186,2020,47678,
110011187,2020,34238,
110011188,2020,48944,
110011189,2020,44810,
110021190,2020,41074,
110021191,2020,47937,
110021192,2020,42704,
110021193,2020,44612,
110021194,2020,36174,
110031195,2020,51573,
110031196,2020,44762,
110031197,2020,52288,
110031198,2020,49357,
110041199,2020,56288,
110041200,2020,51417,
110041201,2020,46445,
110041202,2020,51229,
110041203,2020,54668,
110041204,2020,46082,
110041205,2020,52028,
111011206,2020,54709,
111011207,2020,51840,
111011208,2020,57548,
111011209,2020,58028,
111011210,2020,51562,
111011211,2020,56273,
111011212,2020,54530,
111011213,2020,60143,
111011214,2020,58519,
111021215,2020,52934,
111021216,2020,52326,
111021217,2020,57333,
111021218,2020,48023,
111021219,2020,51784,
111021220,2020,54943,
111021221,2020,55846,
111031222,2020,59521,
111031223,2020,51265,
111031224,2020,55753,
111031225,2020,59144,
111031226,2020,57759,
111031227,2020,55408,
111031228,2020,61051,
111031229,2020,60012,
111031230,2020,47694,
111031231,2020,37867,
111031232,2020,60192,
111031233,2020,54730,
111031234,2020,55103,
111031235,2020,59170,
112011236,2020,45377,
112011237,2020,45988,
112011238,2020,36724,
112011239,2020,38595,
112011240,2020,28360,
112011241,2020,46173,
112011242,2020,45566,
112011243,2020,32206,
112021244,2020,47363,
112021245,2020,45327,
112021246,2020,48250,
112021247,2020,44788,
112021248,2020,45601,
112021249,2020,45669,
112031250,2020,48085,
112031251,2020,44503,
112031252,2020,41452,
112031253,2020,44999,
112031254,2020,44566,
112031550,2020,47119,
112031551,2020,48967,
112031552,2020,42373,
113011256,2020,47071,
113011257,2020,46463,
113011258,2020,50016,
113011259,2020,48147,
113021260,2020,48021,
113021261,2020,52000,
113021262,2020,46998,
113031263,2020,47254,
113031264,2020,44230,
113031265,2020,51170,
113031266,2020,43951,
113031267,2020,53212,
113031268,2020,56198,
113031269,2020,54566,
113031270,2020,50686,
113031271,2020,51998,
114011272,2020,47389,
114011273,2020,47765,
114011274,2020,47165,
114011275,2020,41715,
114011276,2020,53430,
114011277,2020,48500,
114011278,2020,47104,
114011279,2020,45483,
114011280,2020,42953,
114011281,2020,48288,
114011282,2020,40402,
114011283,2020,40446,
114021284,2020,48975,
114021285,2020,54280,
114021286,2020,50758,
114021287,2020,50113,
114021288,2020,50543,
114021289,2020,49244,
115011290,2020,68377,
115011294,2020,64388,
115011296,2020,67346,
115011553,2020,64214,
115011554,2020,67064,
115011555,2020,63492,
115011556,2020,65000,
115011557,2020,68541,
115011558,2020,67407,
115021297,2020,56280,
115021298,2020,56284,
115031299,2020,51968,
115031300,2020,58644,
116011303,2020,52216,
116011304,2020,54250,
116011306,2020,56918,
116011307,2020,59499,
116011560,2020,54009,
116011561,2020,53437,
116021309,2020,65000,
116021562,2020,66010,
116021563,2020,61938,
116031313,2020,48686,
116031314,2020,56961,
116031315,2020,57662,
116031316,2020,52707,
116031317,2020,49923,
116031318,2020,113248,
116031319,2020,56682,
117011320,2020,77223,
117011321,2020,67886,
117011323,2020,55307,
117011324,2020,58320,
117011325,2020,57088,
117021327,2020,68595,
117021328,2020,67187,
117031329,2020,65663,
117031330,2020,83298,
117031331,2020,67076,
117031333,2020,65880,
117031336,2020,61519,
118011339,2020,63719,
118011340,2020,58173,
118011341,2020,60000,
118011344,2020,63796,
118011345,2020,78074,
118011346,2020,63591,
118011347,2020,74344,
118021564,2020,54867,
118021565,2020,49450,
118021566,2020,65114,
118021567,2020,60432,
118021568,2020,59612,
118021569,2020,71165,
118021570,2020,65477,
119011354,2020,48180,
119011355,2020,57697,
119011356,2020,48042,
119011358,2020,57565,
119011360,2020,55938,
119011361,2020,47583,
119011571,2020,44810,
119011572,2020,42813,
119021362,2020,50010,
119021366,2020,42640,
119021367,2020,52524,
119021573,2020,39606,
119021574,2020,40564,
119031370,2020,53888,
119031371,2020,62465,
119031374,2020,47973,
119041377,2020,57704,
119041378,2020,54243,
119041379,2020,52887,
119041380,2020,59079,
119041381,2020,47223,
119041382,2020,61547,
120011383,2020,67751,
120011385,2020,75306,
120011386,2020,71962,
120021387,2020,88138,
120021389,2020,86157,
120031392,2020,60507,
120031393,2020,58622,
120031394,2020,70931,
120031395,2020,70429,
120031396,2020,47667,
120031576,2020,59190,
121011399,2020,71531,
121011401,2020,88422,
121021404,2020,63525,
121021406,2020,68471,
121021577,2020,57940,
121021579,2020,69635,
121031407,2020,65259,
121031408,2020,68836,
121031409,2020,71471,
121031410,2020,69136,
121031411,2020,70551,
121031412,2020,70087,
121041414,2020,84455,
121041417,2020,83863,
122011418,2020,68638,
122011419,2020,71759,
122021420,2020,54260,
122021421,2020,56666,
122021422,2020,59870,
122031424,2020,56561,
122031425,2020,58615,
122031427,2020,64171,
122031429,2020,67608,
122031430,2020,63738,
122031432,2020,58310,
123011433,2020,62026,
123021436,2020,54210,
123021437,2020,54309,
123021438,2020,56817,
123021441,2020,55140,
123021443,2020,53739,
123021444,2020,54491,
123031445,2020,56996,
123031446,2020,64329,
123031447,2020,57574,
123031448,2020,58544,
124011449,2020,48560,
124011450,2020,66007,
124011451,2020,26640,
124011452,2020,46278,
124011453,2020,58362,
124011454,2020,62651,
124011455,2020,52901,
124031457,2020,58634,
124031459,2020,64329,
124031460,2020,63912,
124031461,2020,59322,
124031462,2020,57000,
124031463,2020,63180,
124031464,2020,55630,
124031465,2020,62188,
124041466,2020,56530,
124041467,2020,56694,
124041468,2020,53680,
124051469,2020,60734,
124051470,2020,59206,
124051580,2020,55396,
124051581,2020,53620,
125011475,2020,38721,
125011582,2020,33287,
125011583,2020,32518,
125011584,2020,43853,
125011585,2020,45098,
125011586,2020,41279,
125011587,2020,45438,
125021477,2020,58917,
125021478,2020,55575,
125031479,2020,46658,
125031480,2020,45681,
125031481,2020,40262,
125031483,2020,42849,
125031484,2020,50050,
125031486,2020,53048,
125031487,2020,23040,
125041489,2020,61533,
125041490,2020,64953,
125041491,2020,64303,
125041493,2020,58705,
125041494,2020,67609,
125041588,2020,58909,
125041589,2020,60348,
126011496,2020,68956,
126021498,2020,71662,
126021499,2020,70574,
126021500,2020,57670,
126021501,2020,66394,
126021503,2020,62417,
126021590,2020,64878,
127011504,2020,45000,
127011505,2020,52693,
127011592,2020,56728,
127011593,2020,55918,
127011594,2020,51580,
127011595,2020,53822,
127011596,2020,58051,
127011597,2020,58624,
127021509,2020,50615,
127021510,2020,53550,
127021511,2020,41723,
127021512,2020,47007,
127021513,2020,45111,
127021514,2020,52456,
127021515,2020,44059,
127021516,2020,45706,
127021517,2020,51369,
127021518,2020,52008,
127021519,2020,50637,
127021520,2020,50858,
127021521,2020,48165,
127031522,2020,54110,
127031523,2020,60386,
127031524,2020,66411,
127031599,2020,47583,
127031601,2020,49942,
128011529,2020,65712,
128011530,2020,60365,
128011531,2020,59008,
128011602,2020,64315,
128011603,2020,64000,
128011604,2020,63753,
128011605,2020,61080,
128011606,2020,65365,
128021533,2020,65170,
128021534,2020,65018,
128021535,2020,64604,
128021536,2020,69558,
128021537,2020,41579,
128021538,2020,66223,
128021607,2020,64412,
128021608,2020,65588,
128021609,2020,66100,
201011001,2020,55019,
201011002,2020,53098,
201011005,2020,56302,
201011006,2020,52859,
201011007,2020,54701,
201011008,2020,48664,
201021009,2020,56056,
201021010,2020,48348,
201021011,2020,46905,
201021012,2020,54348,
201031013,2020,44071,
201031014,2020,47106,
201031015,2020,49492,
201031016,2020,44141,
201031017,2020,43526,
202011018,2020,48894,
202011019,2020,48687,
202011020,2020,52050,
202011021,2020,50660,
202011022,2020,50274,
202011023,2020,55752,
202011024,2020,58652,
202011025,2020,54298,
202021026,2020,53696,
202021027,2020,48211,
202021028,2020,48189,
202021029,2020,47388,
202021030,2020,51464,
202021031,2020,60483,
202031032,2020,50585,
202031033,2020,42159,
203011034,2020,57901,
203011035,2020,52000,
203011036,2020,51199,
203021037,2020,51350,
203021039,2020,52615,
203021040,2020,56304,
203021042,2020,54520,
203021043,2020,57865,
203021044,2020,52582,
203021045,2020,47630,
203021046,2020,57078,
203021047,2020,51067,
203031048,2020,51149,
203031049,2020,42181,
203031051,2020,48170,
203031052,2020,49427,
203031053,2020,56638,
204011054,2020,44033,
204011055,2020,46023,
204011056,2020,54186,
204011057,2020,40148,
204011058,2020,49028,
204011059,2020,46657,
204011060,2020,58512,
204011061,2020,44525,
204011062,2020,46153,
204021063,2020,48987,
204021064,2020,45930,
204021065,2020,51837,
204021066,2020,49282,
204021067,2020,48575,
204031068,2020,48572,
204031069,2020,40068,
204031070,2020,53481,
204031071,2020,44117,
204031072,2020,45840,
204031073,2020,52955,
204031075,2020,54316,
205011076,2020,50310,
205011077,2020,47815,
205011078,2020,51581,
205011079,2020,50491,
205021081,2020,45759,
205021082,2020,45267,
205021084,2020,40840,
205021085,2020,39164,
205021086,2020,43575,
205031087,2020,41952,
205031088,2020,21023,
205031089,2020,46657,
205031090,2020,46679,
205031091,2020,38922,
205031092,2020,73486,
205031093,2020,44860,
205041094,2020,52700,
205041095,2020,48533,
205041096,2020,44821,
205041098,2020,55418,
205051099,2020,17600,
205051100,2020,50569,
205051101,2020,49849,
205051102,2020,49739,
205051103,2020,51128,
205051104,2020,44904,
206011106,2020,62319,
206011107,2020,57980,
206011109,2020,62682,
206021110,2020,65008,
206021112,2020,61666,
206031113,2020,65444,
206031115,2020,55136,
206031116,2020,64575,
206041117,2020,33346,
206041118,2020,55136,
206041119,2020,70670,
206041120,2020,57549,
206041121,2020,70452,
206041124,2020,45501,
206041125,2020,60000,
206041127,2020,40916,
206051128,2020,68836,
206051129,2020,67564,
206051130,2020,79859,
206051134,2020,58935,
206061135,2020,68601,
206061136,2020,67129,
206061138,2020,61399,
206071139,2020,66091,
206071140,2020,58092,
206071141,2020,64610,
206071142,2020,60750,
206071143,2020,65444,
206071145,2020,71972,
207011146,2020,66048,
207011147,2020,55000,
207011148,2020,54991,
207011149,2020,62488,
207011150,2020,67836,
207011152,2020,63341,
207011154,2020,60237,
207011155,2020,63467,
207021156,2020,55575,
207021157,2020,48511,
207021159,2020,54258,
207021160,2020,56160,
207021424,2020,52282,
207021425,2020,51863,
207031161,2020,57263,
207031162,2020,53977,
207031163,2020,41617,
207031164,2020,53954,
207031165,2020,36830,
207031166,2020,48166,
207031167,2020,63519,
208011168,2020,61959,
208011169,2020,63546,
208011170,2020,63226,
208011171,2020,66161,
208011172,2020,64732,
208011173,2020,66082,
208021174,2020,61592,
208021176,2020,59030,
208021177,2020,52555,
208021178,2020,57372,
208021179,2020,64191,
208021180,2020,59010,
208021181,2020,60646,
208021182,2020,58355,
208021426,2020,61154,
208021427,2020,61424,
208031183,2020,57285,
208031184,2020,56388,
208031185,2020,59641,
208031186,2020,61441,
208031187,2020,58002,
208031188,2020,60797,
208031189,2020,63138,
208031190,2020,63024,
208031191,2020,59749,
208031192,2020,41999,
208031193,2020,63923,
208041194,2020,65367,
208041195,2020,58198,
209011196,2020,51915,
209011197,2020,61909,
209011198,2020,66560,
209011199,2020,52717,
209011200,2020,66817,
209011201,2020,64642,
209011202,2020,62883,
209011203,2020,63416,
209011204,2020,61834,
209021205,2020,43867,
209021428,2020,55393,
209021429,2020,58560,
209031209,2020,62270,
209031210,2020,56485,
209031211,2020,52390,
209031212,2020,51599,
209031213,2020,58836,
209031214,2020,58664,
209031215,2020,60473,
209041216,2020,51641,
209041217,2020,48893,
209041220,2020,53041,
209041221,2020,52724,
209041223,2020,46454,
209041224,2020,57141,
209041225,2020,53834,
209041431,2020,51597,
209041432,2020,47790,
209041433,2020,53857,
209041435,2020,57598,
209041436,2020,55315,
209041437,2020,54500,
210011226,2020,62920,
210011227,2020,56561,
210011228,2020,56790,
210011230,2020,63160,
210011231,2020,62150,
210021232,2020,62628,
210021233,2020,64930,
210021234,2020,59578,
210021235,2020,56480,
210031236,2020,57802,
210031237,2020,46285,
210031439,2020,64614,
210031440,2020,55701,
210041240,2020,57805,
210051242,2020,37853,
210051243,2020,40159,
210051245,2020,54288,
210051246,2020,56088,
210051247,2020,42541,
210051248,2020,40800,
210051250,2020,55601,
210051441,2020,48927,
210051442,2020,52737,
210051443,2020,50807,
211011251,2020,52981,
211011254,2020,55254,
211011255,2020,56638,
211011256,2020,56129,
211011257,2020,58459,
211011258,2020,56495,
211011259,2020,54515,
211011260,2020,53190,
211011446,2020,55167,
211011447,2020,55319,
211011448,2020,55339,
211011449,2020,55125,
211021261,2020,54200,
211021262,2020,56000,
211031263,2020,55236,
211031265,2020,58659,
211031266,2020,54810,
211031267,2020,58617,
211031268,2020,59715,
211031450,2020,55563,
211031451,2020,54864,
211031452,2020,57737,
211041269,2020,54316,
211041270,2020,59685,
211041271,2020,56674,
211041272,2020,58268,
211041273,2020,51564,
211051274,2020,56705,
211051275,2020,55833,
211051276,2020,49216,
211051277,2020,55689,
211051278,2020,53904,
211051279,2020,49450,
211051280,2020,56750,
211051281,2020,55612,
211051282,2020,57754,
211051283,2020,53209,
211051284,2020,58784,
211051285,2020,50874,
211051286,2020,48313,
212011289,2020,54688,
212021293,2020,55888,
212021295,2020,44479,
212021297,2020,47711,
212021299,2020,52057,
212021453,2020,52068,
212021454,2020,52011,
212021455,2020,53323,
212021456,2020,50181,
212031300,2020,49241,
212031303,2020,57557,
212031304,2020,53412,
212031306,2020,55573,
212031308,2020,53269,
212031457,2020,52962,
212031458,2020,51313,
212041309,2020,53450,
212041310,2020,44515,
212041312,2020,47545,
212041313,2020,55788,
212041316,2020,47987,
212041317,2020,38765,
212041318,2020,42951,
212041459,2020,45012,
212041460,2020,42798,
212051319,2020,54295,
212051321,2020,51538,
212051322,2020,50509,
212051323,2020,53598,
212051324,2020,54873,
212051325,2020,54444,
212051326,2020,53979,
212051327,2020,54763,
213011328,2020,46348,
213011329,2020,51950,
213011331,2020,49932,
213011332,2020,53009,
213011333,2020,46379,
213011334,2020,40998,
213011335,2020,41269,
213011336,2020,44299,
213011337,2020,44651,
213011338,2020,47683,
213011339,2020,51732,
213011340,2020,56170,
213021341,2020,66074,
213021342,2020,56995,
213021343,2020,60533,
213021344,2020,73420,
213021345,2020,58486,
213021346,2020,66862,
213031347,2020,48877,
213031348,2020,50958,
213031349,2020,56448,
213031350,2020,69297,
213031351,2020,56846,
213031352,2020,72428,
213041353,2020,57774,
213041358,2020,52651,
213041359,2020,56702,
213041360,2020,58027,
213041461,2020,55125,
213041462,2020,56767,
213041463,2020,58282,
213051361,2020,52171,
213051362,2020,48962,
213051363,2020,50639,
213051368,2020,55691,
213051464,2020,59163,
213051466,2020,64608,
213051467,2020,49523,
213051468,2020,56065,
214011370,2020,54753,
214011371,2020,51875,
214011372,2020,50109,
214011373,2020,57841,
214011374,2020,56456,
214011375,2020,56200,
214011376,2020,57824,
214021377,2020,48406,
214021378,2020,45904,
214021379,2020,50768,
214021381,2020,58665,
214021382,2020,53456,
214021383,2020,43524,
214021384,2020,43854,
214021385,2020,52910,
215011386,2020,47544,
215011387,2020,42932,
215011388,2020,49380,
215011389,2020,44131,
215011390,2020,45547,
215011391,2020,42031,
215011392,2020,47740,
215011393,2020,41785,
215011394,2020,43823,
215021395,2020,47262,
215021396,2020,45778,
215021398,2020,40152,
215021399,2020,40000,
215021469,2020,39311,
215021470,2020,45831,
215031400,2020,40570,
215031401,2020,42004,
215031402,2020,45100,
215031403,2020,27736,
215031404,2020,46302,
215031405,2020,39626,
216011406,2020,47335,
216011407,2020,47901,
216011408,2020,45725,
216011409,2020,46586,
216011410,2020,44422,
216021411,2020,42444,
216021412,2020,45343,
216021413,2020,46851,
216021414,2020,45708,
216031415,2020,45595,
216031416,2020,49525,
216031418,2020,48754,
216031419,2020,47768,
217011420,2020,46970,
217011421,2020,46898,
217011422,2020,49936,
217011423,2020,42272,
217031471,2020,48246,
217031472,2020,48560,
217031473,2020,45835,
217031474,2020,45969,
217031475,2020,43016,
217031476,2020,37048,
217041477,2020,42284,
217041478,2020,47044,
217041479,2020,49054,
217041480,2020,47811,
301011001,2020,55536,
301011002,2020,56993,
301011003,2020,57500,
301011004,2020,55137,
301011005,2020,58054,
301011006,2020,58347,
301021007,2020,52959,
301021008,2020,57050,
301021009,2020,56947,
301021011,2020,62400,
301021012,2020,58009,
301021013,2020,52792,
301031014,2020,66946,
301031015,2020,62917,
301031016,2020,61352,
301031017,2020,62653,
301031018,2020,60621,
301031019,2020,70067,
301031020,2020,60361,
301031021,2020,57934,
302011022,2020,56550,
302011023,2020,65140,
302011024,2020,60664,
302011025,2020,64205,
302011026,2020,65164,
302021027,2020,59543,
302021028,2020,53209,
302021029,2020,60194,
302021030,2020,59753,
302021031,2020,65624,
302021032,2020,61191,
302021033,2020,60186,
302021034,2020,68668,
302031035,2020,56502,
302031037,2020,64962,
302031038,2020,62327,
302031040,2020,59662,
302041041,2020,56509,
302041042,2020,62063,
302041043,2020,58736,
302041044,2020,63497,
302041045,2020,55294,
302041046,2020,52009,
303011047,2020,70824,
303011048,2020,63850,
303011049,2020,64717,
303011050,2020,62483,
303011051,2020,59081,
303021052,2020,54933,
303021053,2020,61907,
303021054,2020,53462,
303021055,2020,57195,
303021056,2020,64565,
303021057,2020,65009,
303021058,2020,46084,
303021059,2020,62985,
303031060,2020,47010,
303031061,2020,34920,
303031062,2020,54130,
303031063,2020,60382,
303031064,2020,57000,
303031065,2020,47485,
303031066,2020,53733,
303041067,2020,41773,
303041068,2020,61184,
303041069,2020,34555,
303041070,2020,56296,
303041071,2020,70112,
303051072,2020,52949,
303051073,2020,49364,
303051074,2020,59419,
303051075,2020,55557,
303051076,2020,48168,
303061077,2020,52035,
303061078,2020,44119,
303061079,2020,33445,
303061080,2020,45000,
304011081,2020,64102,
304011082,2020,61162,
304011083,2020,61419,
304011084,2020,67760,
304011085,2020,64987,
304021086,2020,65112,
304021087,2020,63210,
304021088,2020,68010,
304021089,2020,71809,
304021090,2020,65473,
304021091,2020,68092,
304031092,2020,68970,
304031093,2020,64242,
304031094,2020,55504,
304031095,2020,64271,
304031096,2020,36873,
304031097,2020,54966,
304041098,2020,66795,
304041099,2020,71299,
304041100,2020,58231,
304041101,2020,67325,
304041103,2020,66853,
304041104,2020,67875,
305011105,2020,28019,
305011106,2020,47025,
305011107,2020,49976,
305011108,2020,56730,
305011109,2020,62699,
305011110,2020,47224,
305011111,2020,33621,
305011112,2020,57691,
305021113,2020,70313,
305021114,2020,75975,
305021115,2020,52285,
305021116,2020,70053,
305021117,2020,65759,
305021118,2020,69744,
305031119,2020,60907,
305031120,2020,64842,
305031121,2020,62786,
305031122,2020,58753,
305031123,2020,74351,
305031124,2020,63095,
305031125,2020,66000,
305031126,2020,45167,
305031127,2020,58114,
305031128,2020,68373,
305031129,2020,67948,
305031130,2020,61521,
305031131,2020,60437,
305041132,2020,66109,
305041133,2020,57208,
305041134,2020,71424,
305041135,2020,62417,
305041136,2020,59986,
305041137,2020,56003,
306011138,2020,57263,
306011140,2020,57745,
306011141,2020,58555,
306011143,2020,49317,
306021144,2020,51932,
306021145,2020,32630,
306021146,2020,52348,
306021147,2020,51802,
306021148,2020,53887,
306021149,2020,52251,
306021151,2020,44663,
306021152,2020,43348,
306021153,2020,53790,
306021154,2020,43802,
306021155,2020,48944,
306021156,2020,54328,
306021157,2020,46607,
306031158,2020,47518,
306031159,2020,34808,
306031160,2020,42900,
306031161,2020,36965,
306031162,2020,81293,
306031163,2020,38665,
306041164,2020,43212,
306041165,2020,37796,
306051166,2020,37957,
306051167,2020,38736,
306051168,2020,45806,
306051169,2020,43752,
306051170,2020,37763,
307011171,2020,42860,
307011172,2020,52561,
307011173,2020,49250,
307011174,2020,44589,
307011175,2020,46643,
307011176,2020,56896,
307011177,2020,46090,
307011178,2020,40973,
307021179,2020,48268,
307021180,2020,51260,
307021181,2020,46600,
307021182,2020,48628,
307021183,2020,50947,
307031184,2020,50447,
307031185,2020,45792,
307031186,2020,45907,
307031187,2020,32880,
307031188,2020,34003,
307031189,2020,47843,
308011190,2020,70111,
308011191,2020,51317,
308011192,2020,56138,
308031205,2020,49892,
308031206,2020,54905,
308031207,2020,53132,
308031208,2020,59501,
308031209,2020,67128,
308031210,2020,57076,
308031211,2020,53991,
308031212,2020,47532,
308031213,2020,60956,
308031214,2020,52963,
308031215,2020,58339,
308031216,2020,58679,
308031217,2020,47548,
308031218,2020,60059,
308031219,2020,48924,
308031220,2020,57055,
308031222,2020,59944,
308031223,2020,58890,
308041528,2020,52468,
308041529,2020,61020,
308051530,2020,44155,
308051531,2020,70945,
308051533,2020,63299,
308051534,2020,57636,
308051535,2020,69293,
308051536,2020,64373,
308051538,2020,64641,
308051539,2020,59801,
309011224,2020,44283,
309011225,2020,48064,
309011226,2020,49179,
309011227,2020,47431,
309011228,2020,46443,
309011229,2020,48609,
309021230,2020,43428,
309021231,2020,49320,
309021232,2020,48550,
309021233,2020,48358,
309021234,2020,49347,
309031235,2020,47023,
309031236,2020,46793,
309031237,2020,47586,
309031238,2020,45074,
309031239,2020,47189,
309031240,2020,49159,
309041241,2020,49088,
309041242,2020,49503,
309051243,2020,46942,
309051244,2020,49974,
309051245,2020,52200,
309061246,2020,48917,
309061247,2020,50884,
309061248,2020,48301,
309061249,2020,51246,
309061250,2020,47781,
309071251,2020,48659,
309071252,2020,51658,
309071253,2020,52212,
309071254,2020,51978,
309071256,2020,51887,
309081259,2020,46538,
309081260,2020,49407,
309081262,2020,47195,
309091263,2020,48064,
309091264,2020,44601,
309091265,2020,45620,
309091540,2020,38960,
309091541,2020,40933,
309101267,2020,47843,
309101268,2020,47847,
309101269,2020,47100,
310011271,2020,49909,
310011272,2020,47458,
310011274,2020,41094,
310011275,2020,62011,
310011276,2020,44089,
310021277,2020,47466,
310021278,2020,46277,
310021279,2020,107770,
310021280,2020,50744,
310021281,2020,52090,
310021282,2020,55382,
310031283,2020,52267,
310031284,2020,51753,
310031285,2020,56619,
310031286,2020,54110,
310031287,2020,52555,
310031288,2020,60415,
310031289,2020,65071,
310031290,2020,65701,
310031291,2020,48164,
310031292,2020,53539,
310031293,2020,55369,
310031294,2020,62523,
310031295,2020,46617,
310041297,2020,54499,
310041298,2020,50199,
310041299,2020,52477,
310041300,2020,47894,
310041301,2020,10400,
310041302,2020,49643,
310041303,2020,58482,
310041304,2020,61308,
311011305,2020,48572,
311021306,2020,48508,
311021307,2020,46493,
311021308,2020,52363,
311021309,2020,53195,
311021310,2020,54688,
311031311,2020,49317,
311031312,2020,50472,
311031313,2020,51031,
311031314,2020,47979,
311031316,2020,53110,
311031317,2020,45881,
311031318,2020,54398,
311031319,2020,54344,
311041322,2020,56092,
311051323,2020,51754,
311051324,2020,58963,
311051325,2020,54886,
311051326,2020,46684,
311051327,2020,58781,
311051328,2020,47703,
311061329,2020,58386,
311061330,2020,43772,
311061331,2020,41758,
311061332,2020,56885,
311061333,2020,47466,
311061334,2020,56477,
311061335,2020,52398,
311061336,2020,41846,
312011337,2020,37823,
312011338,2020,76957,
312011339,2020,59999,
312011340,2020,50077,
312011341,2020,89650,
312021342,2020,59730,
312021343,2020,61564,
312021344,2020,65395,
312021346,2020,53010,
312021347,2020,78786,
312021348,2020,62362,
312021349,2020,55684,
312021350,2020,64033,
312021351,2020,62099,
312021352,2020,64371,
312021353,2020,59328,
312021354,2020,62389,
312021355,2020,56037,
312021356,2020,57530,
312021357,2020,63514,
312021358,2020,63242,
312031359,2020,43434,
312031361,2020,49327,
313011362,2020,48741,
313011363,2020,47146,
313021364,2020,58862,
313021366,2020,43506,
313021367,2020,51315,
313021368,2020,47185,
313021369,2020,48132,
313031370,2020,53483,
313031371,2020,50319,
313041372,2020,51128,
313041373,2020,48369,
313041374,2020,49645,
313041375,2020,56206,
313041376,2020,54041,
313051377,2020,55003,
313051378,2020,53542,
313051379,2020,51431,
313051380,2020,48972,
314011382,2020,61634,
314011383,2020,61217,
314011384,2020,59573,
314011385,2020,62984,
314011386,2020,64170,
314011387,2020,65277,
314021389,2020,56332,
314031391,2020,53991,
314031392,2020,53438,
314031393,2020,55419,
314031394,2020,50962,
315011395,2020,17263,
315011397,2020,39226,
315011398,2020,23679,
315011399,2020,40222,
315011400,2020,40197,
315011401,2020,56737,
315011402,2020,38712,
315011403,2020,88832,
315021407,2020,47618,
315031408,2020,48693,
315031409,2020,47704,
315031410,2020,49222,
315031411,2020,49337,
315031412,2020,53676,
316011413,2020,49486,
316011414,2020,48622,
316011415,2020,49841,
316011416,2020,44481,
316021417,2020,49938,
316021418,2020,47383,
316021419,2020,42390,
316021421,2020,47937,
316021422,2020,48076,
316021423,2020,50301,
316031425,2020,48904,
316031426,2020,47613,
316031427,2020,45844,
316031428,2020,45797,
316051434,2020,35116,
316051435,2020,41339,
316051437,2020,39660,
316051438,2020,42356,
316051543,2020,45758,
316051544,2020,48258,
316061439,2020,48854,
316061440,2020,40250,
316061441,2020,49900,
316061442,2020,49862,
316061443,2020,46468,
316061444,2020,47523,
316071545,2020,50922,
316071546,2020,47511,
316071547,2020,47314,
316071548,2020,47999,
316081549,2020,44085,
317011445,2020,55782,
317011446,2020,48497,
317011447,2020,49421,
317011448,2020,31644,
317011449,2020,58291,
317011450,2020,59144,
317011451,2020,50661,
317011452,2020,58828,
317011453,2020,48972,
317011454,2020,49429,
317011455,2020,57637,
317011456,2020,51926,
317011457,2020,57429,
317011458,2020,55410,
317011459,2020,49727,
318011460,2020,41357,
318011461,2020,47597,
318011462,2020,52545,
318011463,2020,49555,
318011464,2020,46789,
318011465,2020,49324,
318011466,2020,34330,
318021467,2020,49517,
318021468,2020,62669,
318021469,2020,66057,
318021470,2020,66891,
318021471,2020,52280,
318021472,2020,48375,
318021474,2020,64298,
318021475,2020,55415,
318021476,2020,52977,
318021477,2020,49213,
318021478,2020,55072,
318021479,2020,54101,
318021480,2020,52351,
318021481,2020,49536,
318021482,2020,57409,
318021483,2020,35041,
318021484,2020,61157,
318021485,2020,54284,
318021486,2020,57008,
318021487,2020,66471,
318021488,2020,55301,
318021489,2020,61316,
318021490,2020,62815,
318021491,2020,55562,
319011492,2020,46140,
319011493,2020,50922,
319011494,2020,50853,
319011495,2020,21637,
319011496,2020,46339,
319011497,2020,40609,
319011498,2020,46334,
319011499,2020,37418,
319011500,2020,49733,
319011501,2020,47537,
319011502,2020,46232,
319021503,2020,28345,
319021504,2020,39480,
319021505,2020,47979,
319021506,2020,44917,
319021507,2020,46591,
319021508,2020,41652,
319021509,2020,43518,
319031511,2020,35264,
319031512,2020,43096,
319031513,2020,47153,
319031514,2020,44891,
319031515,2020,45012,
319041516,2020,47538,
319041517,2020,51780,
319041518,2020,46471,
319041519,2020,44713,
319041520,2020,44715,
319041521,2020,45471,
319051522,2020,45010,
319051523,2020,46263,
319051524,2020,46944,
319051525,2020,44257,
319051526,2020,49997,
401011001,2020,37937,
401011002,2020,57577,
401021003,2020,54487,
401021004,2020,60785,
401021005,2020,52889,
401021006,2020,52032,
401021007,2020,53574,
401021008,2020,54033,
401021009,2020,53119,
401021010,2020,58270,
401031011,2020,57143,
401031012,2020,58908,
401031013,2020,56337,
401041014,2020,55020,
401041015,2020,50350,
401041016,2020,53424,
401051017,2020,57044,
401051018,2020,52290,
401051019,2020,57601,
401061020,2020,59384,
401061021,2020,56708,
401061022,2020,57296,
401071023,2020,57809,
401071024,2020,59474,
402011025,2020,55430,
402011026,2020,52995,
402011027,2020,54889,
402021028,2020,53428,
402021029,2020,47020,
402021030,2020,40662,
402021031,2020,49056,
402021032,2020,52857,
402021033,2020,52589,
402021034,2020,43674,
402021035,2020,51453,
402031036,2020,47601,
402031038,2020,52000,
402041040,2020,51145,
402041041,2020,51000,
402041042,2020,42705,
402041043,2020,48320,
402041044,2020,50114,
402041046,2020,46684,
402041047,2020,52098,
402041048,2020,50048,
402041171,2020,57330,
402041172,2020,49318,
402051049,2020,58051,
402051050,2020,59462,
402051051,2020,56169,
402051052,2020,50991,
402051053,2020,56055,
402051054,2020,56555,
402051055,2020,55362,
403011056,2020,59091,
403011057,2020,56611,
403021058,2020,52845,
403021059,2020,57532,
403021060,2020,57689,
403021061,2020,50513,
403021062,2020,55735,
403021063,2020,58055,
403021064,2020,54208,
403031065,2020,62580,
403031066,2020,50504,
403031067,2020,63860,
403031068,2020,59522,
403031069,2020,59385,
403031070,2020,53087,
403041071,2020,55386,
403041072,2020,48633,
403041073,2020,47335,
403041074,2020,50430,
403041075,2020,51919,
403041076,2020,61336,
403041077,2020,58014,
403041078,2020,50091,
403041079,2020,47660,
403041080,2020,56092,
403041082,2020,53611,
403041083,2020,52647,
403041084,2020,50778,
403041085,2020,48931,
403041086,2020,52806,
403041088,2020,49217,
403041089,2020,54741,
404011092,2020,57803,
404011093,2020,55033,
404011094,2020,53608,
404011095,2020,54055,
404011096,2020,57130,
404011097,2020,51841,
404021099,2020,59938,
404021100,2020,56028,
404021101,2020,51893,
404021102,2020,45137,
404031105,2020,56229,
404031106,2020,53936,
404031107,2020,51398,
404031108,2020,50908,
404031109,2020,57061,
405011110,2020,51787,
405011111,2020,52350,
405011112,2020,54930,
405011113,2020,41395,
405011114,2020,51985,
405011115,2020,50749,
405021116,2020,48862,
405021117,2020,44455,
405021118,2020,42027,
405021119,2020,44264,
405031120,2020,43076,
405031121,2020,42461,
405031122,2020,49131,
405031123,2020,49934,
405041124,2020,44669,
405041125,2020,42591,
405041126,2020,44307,
405041127,2020,39489,
405041128,2020,40545,
406011129,2020,48798,
406011130,2020,44339,
406011131,2020,43594,
406011132,2020,36071,
406011133,2020,45594,
406011134,2020,39527,
406011135,2020,74582,
406011136,2020,58753,
406021138,2020,19093,
406021139,2020,46835,
406021140,2020,44510,
406021141,2020,46800,
406021142,2020,50516,
406021143,2020,98874,
407011144,2020,40827,
407011145,2020,36891,
407011146,2020,48542,
407011147,2020,45938,
407011148,2020,39410,
407011149,2020,43486,
407021150,2020,47801,
407021151,2020,38867,
407021152,2020,46001,
407021154,2020,45477,
407021155,2020,42547,
407021156,2020,44719,
407021157,2020,44362,
407021158,2020,46215,
407021173,2020,50061,
407021174,2020,49380,
407031159,2020,46433,
407031160,2020,43505,
407031161,2020,39067,
407031162,2020,46702,
407031163,2020,40071,
407031164,2020,42365,
407031165,2020,45222,
407031166,2020,45751,
407031167,2020,34856,
407031168,2020,37137,
407031169,2020,41510,
407031170,2020,42397,
501011001,2020,41249,
501011003,2020,42500,
501011004,2020,37408,
501021005,2020,57724,
501021007,2020,50878,
501021008,2020,47074,
501021009,2020,57902,
501021010,2020,55442,
501021011,2020,53352,
501021012,2020,56910,
501021014,2020,55018,
501021015,2020,50351,
501021016,2020,56993,
501021251,2020,59250,
501021252,2020,58979,
501021253,2020,53905,
501021254,2020,47510,
501031017,2020,48461,
501031018,2020,43740,
501031019,2020,43957,
501031020,2020,32518,
502011021,2020,56673,
502011022,2020,55328,
502011023,2020,49524,
502011024,2020,56251,
502011025,2020,46291,
502011026,2020,57884,
502011027,2020,61606,
502011028,2020,51304,
502011029,2020,55915,
503011030,2020,59906,
503011031,2020,60273,
503011032,2020,66576,
503011033,2020,69400,
503011034,2020,57966,
503011035,2020,54226,
503011036,2020,67870,
503021037,2020,69570,
503021038,2020,72428,
503021039,2020,64862,
503021040,2020,64666,
503021042,2020,70968,
503021043,2020,59329,
504011044,2020,60918,
504011045,2020,63161,
504011046,2020,61434,
504011047,2020,53474,
504011048,2020,53800,
504021049,2020,59515,
504021050,2020,61149,
504021051,2020,60623,
504021052,2020,48448,
504021053,2020,61457,
504021054,2020,56755,
504031056,2020,52028,
504031057,2020,54471,
504031058,2020,56853,
504031060,2020,61371,
504031061,2020,66716,
504031062,2020,57835,
504031063,2020,51888,
504031065,2020,55125,
504031066,2020,55833,
504031067,2020,58374,
504031068,2020,61516,
505011070,2020,60224,
505011071,2020,57941,
505011072,2020,65151,
505011073,2020,60512,
505011074,2020,58140,
505011075,2020,61360,
505011076,2020,63166,
505011077,2020,55776,
505011078,2020,60347,
505011079,2020,60404,
505011080,2020,60033,
505011081,2020,62002,
505011082,2020,61045,
505011083,2020,59978,
505021084,2020,56471,
505021085,2020,46609,
505021088,2020,68483,
505021089,2020,67821,
505021090,2020,52686,
505021091,2020,55821,
505021092,2020,66958,
505021093,2020,56360,
505021094,2020,63673,
505021095,2020,58240,
505021096,2020,65866,
505021097,2020,59440,
505031098,2020,49845,
505031100,2020,58563,
505031101,2020,56039,
505031102,2020,45958,
505031104,2020,50063,
505031105,2020,58065,
505031107,2020,59982,
505031255,2020,61167,
505031256,2020,45556,
505031257,2020,56866,
505031258,2020,57957,
506011110,2020,53596,
506011112,2020,54127,
506011114,2020,53111,
506011115,2020,60315,
506011116,2020,61505,
506011117,2020,56091,
506021118,2020,57729,
506021119,2020,58703,
506021120,2020,62056,
506021121,2020,104930,
506021123,2020,59067,
506031124,2020,43820,
506031125,2020,57749,
506031126,2020,48959,
506031127,2020,45440,
506031128,2020,54730,
506031129,2020,55839,
506031130,2020,57839,
506031131,2020,57681,
506041132,2020,50604,
506041133,2020,57510,
506041134,2020,51801,
506041135,2020,58551,
506041136,2020,51739,
506041137,2020,53773,
506051138,2020,60000,
506051139,2020,59949,
506051140,2020,61018,
506051141,2020,57598,
506061142,2020,62458,
506061143,2020,56669,
506061144,2020,59539,
506071145,2020,63721,
506071146,2020,56226,
506071147,2020,64443,
507011148,2020,63014,
507011150,2020,46024,
507011152,2020,60629,
507011153,2020,57704,
507011154,2020,52426,
507011155,2020,40622,
507011158,2020,77795,
507011159,2020,57363,
507011160,2020,55845,
507011161,2020,64135,
507011163,2020,58450,
507011259,2020,61456,
507011260,2020,60553,
507021164,2020,64924,
507021165,2020,56176,
507021166,2020,59564,
507021167,2020,74124,
507031169,2020,61334,
507031170,2020,52855,
507031172,2020,59533,
507031173,2020,74486,
507031174,2020,53722,
507031261,2020,64150,
507041175,2020,61884,
507041176,2020,61154,
507041177,2020,63560,
507041178,2020,61780,
507041179,2020,60607,
507041180,2020,62284,
507041181,2020,63331,
507041182,2020,52995,
507041183,2020,58729,
507041184,2020,59242,
507051186,2020,53450,
507051187,2020,58194,
507051188,2020,56609,
507051190,2020,58061,
507051191,2020,63065,
507051192,2020,57508,
507051193,2020,55636,
509011225,2020,44905,
509011226,2020,45591,
509011227,2020,49264,
509011228,2020,37374,
509011229,2020,36454,
509011230,2020,43958,
509011231,2020,38950,
509011232,2020,47936,
509011233,2020,46788,
509011234,2020,44544,
509021236,2020,60055,
509021237,2020,44352,
509021238,2020,42461,
509021239,2020,40521,
509021240,2020,44014,
509021241,2020,47198,
509021242,2020,46708,
509021243,2020,54447,
509021244,2020,56598,
509021245,2020,48717,
509031246,2020,41148,
509031247,2020,39000,
509031248,2020,70292,
509031249,2020,48415,
509031250,2020,40050,
510011262,2020,54993,
510011263,2020,43456,
510011264,2020,29102,
510011265,2020,52278,
510011266,2020,44495,
510021267,2020,59113,
510021268,2020,75116,
510021269,2020,95362,
510021270,2020,80881,
510031271,2020,99583,
510031272,2020,82204,
510031273,2020,80133,
511011274,2020,48065,
511011275,2020,39050,
511021276,2020,42951,
511021277,2020,42152,
511031278,2020,64576,
511031279,2020,67622,
511031280,2020,78195,
511031282,2020,64762,
511031283,2020,63942,
511041285,2020,49899,
511041286,2020,52037,
511041287,2020,57984,
511041288,2020,59195,
511041289,2020,48533,
511041290,2020,38700,
511041291,2020,47467,
511041292,2020,41761,
601011001,2020,41514,
601011002,2020,54086,
601011003,2020,57768,
601021004,2020,53941,
601021005,2020,59702,
601021006,2020,57939,
601021007,2020,59159,
601021008,2020,55036,
601021009,2020,47203,
601021010,2020,45816,
601021011,2020,48717,
601021012,2020,57922,
601031013,2020,54924,
601031014,2020,50840,
601031015,2020,50219,
601031016,2020,46540,
601031017,2020,42818,
601031018,2020,50950,
601031019,2020,45921,
601031020,2020,49757,
601041022,2020,51498,
601041023,2020,56485,
601041024,2020,54440,
601041026,2020,56929,
601051027,2020,42292,
601051029,2020,46790,
601051031,2020,42646,
601051032,2020,51693,
601051033,2020,53068,
601061034,2020,50435,
601061035,2020,51854,
602011036,2020,40112,
602011037,2020,49427,
602011038,2020,48327,
602011039,2020,49527,
602011040,2020,34999,
602011041,2020,41238,
602011042,2020,52183,
602011043,2020,52847,
602011044,2020,52493,
602011045,2020,40679,
602011046,2020,52317,
602011047,2020,50229,
602011048,2020,51170,
602011049,2020,54963,
602011050,2020,49119,
602011051,2020,51612,
602011052,2020,52524,
602021053,2020,44009,
602021054,2020,42608,
602021055,2020,49769,
602021056,2020,52271,
602021057,2020,47475,
602031058,2020,53926,
602031059,2020,46728,
602031060,2020,49103,
602031061,2020,39735,
602031062,2020,52600,
602031064,2020,35644,
602031099,2020,40791,
602031100,2020,41174,
603011065,2020,44024,
603011066,2020,49499,
603011067,2020,48819,
603011068,2020,34479,
603021069,2020,45716,
603021070,2020,36735,
603021071,2020,44910,
603021072,2020,49097,
603031073,2020,38543,
603031074,2020,38188,
604011075,2020,47068,
604011076,2020,49918,
604011077,2020,47856,
604011078,2020,52250,
604011079,2020,51771,
604011080,2020,53534,
604011081,2020,52380,
604011082,2020,48390,
604011083,2020,48551,
604011084,2020,50831,
604021085,2020,44774,
604021086,2020,36911,
604021087,2020,48117,
604021088,2020,51120,
604021089,2020,51120,
604021090,2020,52382,
604021091,2020,46446,
604021092,2020,49873,
604031093,2020,44848,
604031094,2020,43006,
604031095,2020,46619,
604031096,2020,50339,
604031097,2020,49973,
701011001,2020,57159,
701011002,2020,51843,
701011003,2020,48207,
701011004,2020,69775,
701011005,2020,63390,
701011006,2020,63729,
701011007,2020,70078,
701011008,2020,64893,
701011009,2020,56044,
701021010,2020,57225,
701021011,2020,66629,
701021012,2020,60019,
701021013,2020,52791,
701021015,2020,6198,
701021016,2020,56449,
701021017,2020,61022,
701021018,2020,62639,
701021019,2020,57651,
701021020,2020,67908,
701021021,2020,78458,
701021022,2020,62401,
701021023,2020,57665,
701021024,2020,60819,
701021025,2020,66028,
701021026,2020,65064,
701021027,2020,67661,
701021028,2020,53922,
701021029,2020,66415,
701021030,2020,68076,
701031031,2020,69194,
701031032,2020,67166,
701031033,2020,75082,
701031034,2020,62972,
701031035,2020,59314,
701041036,2020,66664,
701041037,2020,60556,
701041038,2020,73118,
701041039,2020,58590,
701041040,2020,57512,
701041041,2020,69179,
701041042,2020,72078,
701041043,2020,69272,
701041044,2020,62820,
702011045,2020,37456,
702011046,2020,61118,
702011047,2020,59605,
702011048,2020,67066,
702011049,2020,65265,
702011050,2020,44763,
702011051,2020,62317,
702011052,2020,22006,
702011053,2020,20129,
702011054,2020,30213,
702021055,2020,25082,
702021056,2020,56553,
702031057,2020,50609,
702031058,2020,35553,
702031059,2020,30950,
702031060,2020,28610,
702031061,2020,16360,
702041062,2020,63576,
702041063,2020,17678,
702041064,2020,70354,
702051065,2020,28574,
702051066,2020,22348,
702051067,2020,57081,
702051068,2020,28639,
801011001,2020,78374,
801011002,2020,56057,
801011003,2020,59514,
801011004,2020,62455,
801011005,2020,76398,
801011006,2020,71386,
801011007,2020,68930,
801011008,2020,64544,
801011009,2020,69784,
801011010,2020,72064,
801011011,2020,71098,
801011013,2020,68242,
801011014,2020,67144,
801011015,2020,67778,
801011016,2020,62811,
801011017,2020,67233,
801011018,2020,62852,
801011019,2020,69898,
801011020,2020,63213,
801011021,2020,68292,
801011022,2020,68576,
801011023,2020,62454,
801011024,2020,66259,
801011025,2020,68468,
801011026,2020,72845,
801011111,2020,62938,
801031031,2020,30797,
801031032,2020,45026,
801031113,2020,48971,
801031114,2020,71209,
801031115,2020,53064,
801041034,2020,73000,
801041035,2020,70824,
801041036,2020,74427,
801041037,2020,80400,
801041038,2020,84618,
801041039,2020,61947,
801041040,2020,56623,
801041043,2020,61595,
801041044,2020,68276,
801041045,2020,37752,
801041046,2020,67964,
801041047,2020,72374,
801041048,2020,69001,
801041118,2020,62716,
801041120,2020,69499,
801041122,2020,73271,
801051049,2020,7059,
801051050,2020,77041,
801051051,2020,77577,
801051053,2020,61046,
801051054,2020,69325,
801051055,2020,65109,
801051056,2020,79028,
801051057,2020,67639,
801051058,2020,71620,
801051060,2020,74910,
801051061,2020,74753,
801051124,2020,80215,
801051125,2020,57425,
801051127,2020,67512,
801061062,2020,81768,
801061063,2020,82947,
801061064,2020,85415,
801061067,2020,76897,
801061068,2020,95142,
801061069,2020,77378,
801061070,2020,82608,
801061129,2020,96823,
801061130,2020,53174,
801061131,2020,90106,
801071071,2020,70060,
801071072,2020,69907,
801071073,2020,70103,
801071074,2020,68510,
801071075,2020,71068,
801071076,2020,80112,
801071077,2020,68923,
801071078,2020,70108,
801071079,2020,71108,
801071080,2020,70719,
801071081,2020,67698,
801071082,2020,68200,
801071083,2020,76146,
801071084,2020,71053,
801071086,2020,68354,
801071087,2020,63422,
801071088,2020,69379,
801071089,2020,68237,
801071090,2020,71128,
801071132,2020,49645,
801081091,2020,80472,
801081092,2020,75763,
801081093,2020,73989,
801081094,2020,77935,
801081095,2020,71594,
801081096,2020,72335,
801081097,2020,78300,
801081098,2020,77080,
801081133,2020,62903,
801091099,2020,71653,
801091100,2020,78035,
801091101,2020,73300,
801091102,2020,84547,
801091103,2020,80902,
801091104,2020,79389,
801091105,2020,64825,
801091106,2020,70161,
801091107,2020,64618,
801091108,2020,77660,
801091109,2020,74109,
801091110,2020,72962,
801101135,2020,75000,
801101136,2020,94552,
801101139,2020,81812,
801111140,2020,69622,
801111141,2020,55964,