SA2_CODE,YEAR,MEDIAN_WEEKLY_RENT,POP
101021007,2021,312,
101021008,2021,400,
101021009,2021,312,
101021010,2021,312,
101021012,2021,400,
101021610,2021,500,
101021611,2021,500,
101031013,2021,212,
101031014,2021,312,
101031015,2021,312,
101031016,2021,400,
101041017,2021,312,
101041018,2021,400,
101041019,2021,312,
101041020,2021,250,
101041021,2021,400,
101041023,2021,250,
101041024,2021,312,
101041025,2021,312,
101041026,2021,312,
101041027,2021,312,
101051539,2021,312,
101051540,2021,312,
101061541,2021,312,
101061542,2021,400,
101061543,2021,250,
101061544,2021,250,
102011028,2021,500,
102011029,2021,500,
102011030,2021,400,
102011031,2021,400,
102011032,2021,400,
102011033,2021,500,
102011034,2021,400,
102011035,2021,400,
102011036,2021,400,
102011037,2021,400,
102011038,2021,500,
102011039,2021,500,
102011040,2021,400,
102011041,2021,500,
102011042,2021,400,
102011043,2021,400,
102021044,2021,400,
102021045,2021,400,
102021046,2021,400,
102021047,2021,400,
102021048,2021,400,
102021049,2021,500,
102021050,2021,400,
102021051,2021,400,
102021052,2021,400,
102021053,2021,400,
102021054,2021,400,
102021055,2021,400,
102021056,2021,500,
102021057,2021,400,
103011059,2021,400,
103011060,2021,312,
103011061,2021,250,
103011612,2021,312,
103011613,2021,400,
103021062,2021,175,
103021063,2021,250,
103021064,2021,212,
103021065,2021,250,
103021066,2021,175,
103021067,2021,250,
103021068,2021,175,
103021069,2021,212,
103031070,2021,250,
103031071,2021,250,
103031072,2021,400,
103031073,2021,250,
103031074,2021,312,
103041076,2021,250,
103041077,2021,312,
103041078,2021,400,
103041079,2021,250,
104011080,2021,312,
104011081,2021,312,
104011082,2021,400,
104021083,2021,400,
104021084,2021,400,
104021085,2021,400,
104021086,2021,400,
104021087,2021,312,
104021088,2021,500,
104021089,2021,400,
104021090,2021,400,
104021091,2021,400,
105011092,2021,175,
105011093,2021,175,
105011094,2021,175,
105011095,2021,212,
105011096,2021,175,
105021097,2021,212,
105021098,2021,175,
105031099,2021,212,
105031100,2021,312,
105031101,2021,312,
105031102,2021,312,
105031103,2021,312,
105031104,2021,212,
105031105,2021,250,
105031106,2021,250,
106011107,2021,400,
106011108,2021,312,
106011109,2021,400,
106011110,2021,312,
106011111,2021,312,
106011112,2021,312,
106011113,2021,400,
106021114,2021,400,
106021116,2021,400,
106021614,2021,400,
106021615,2021,400,
106021616,2021,312,
106021617,2021,400,
106021618,2021,400,
106031119,2021,400,
106031120,2021,400,
106031121,2021,400,
106031122,2021,312,
106031123,2021,400,
106031124,2021,400,
106031125,2021,400,
106041126,2021,312,
106041127,2021,312,
106041128,2021,312,
106041129,2021,250,
107011131,2021,400,
107011132,2021,500,
107011134,2021,400,
107011545,2021,400,
107011546,2021,312,
107011547,2021,312,
107031136,2021,500,
107031137,2021,400,
107031138,2021,500,
107031139,2021,500,
107031140,2021,500,
107031141,2021,500,
107031142,2021,400,
107031143,2021,400,
107041144,2021,400,
107041145,2021,312,
107041146,2021,400,
107041147,2021,500,
107041148,2021,600,
107041150,2021,400,
107041548,2021,400,
107041549,2021,400,
108011151,2021,312,
108011152,2021,312,
108011153,2021,400,
108011154,2021,312,
108021155,2021,312,
108021156,2021,312,
108021157,2021,312,
108021158,2021,312,
108021159,2021,312,
108021160,2021,312,
108031161,2021,250,
108041162,2021,400,
108041164,2021,400,
108041165,2021,312,
108041166,2021,400,
108041619,2021,400,
108041620,2021,400,
108051167,2021,250,
108051168,2021,400,
108051169,2021,312,
108051170,2021,312,
108051171,2021,312,
109011172,2021,312,
109011173,2021,250,
109011174,2021,250,
109011175,2021,250,
109011176,2021,250,
109021177,2021,175,
109021178,2021,212,
109021179,2021,212,
109031180,2021,212,
109031181,2021,250,
109031182,2021,250,
109031183,2021,175,
109031184,2021,312,
109031185,2021,212,
110011186,2021,312,
110011187,2021,250,
110011188,2021,250,
110011189,2021,212,
110021190,2021,212,
110021191,2021,250,
110021192,2021,212,
110021193,2021,212,
110021194,2021,250,
110031195,2021,250,
110031196,2021,175,
110031197,2021,250,
110031198,2021,212,
110041199,2021,312,
110041200,2021,312,
110041201,2021,250,
110041202,2021,312,
110041203,2021,312,
110041204,2021,312,
110041205,2021,312,
111011206,2021,400,
111011207,2021,312,
111011208,2021,400,
111011209,2021,400,
111011210,2021,250,
111011211,2021,400,
111011212,2021,400,
111011213,2021,500,
111011214,2021,400,
111021215,2021,312,
111021216,2021,400,
111021217,2021,500,
111021218,2021,400,
111021219,2021,312,
111021220,2021,400,
111021221,2021,400,
111031222,2021,400,
111031223,2021,312,
111031224,2021,400,
111031225,2021,400,
111031226,2021,500,
111031227,2021,400,
111031228,2021,400,
111031229,2021,500,
111031231,2021,400,
111031232,2021,400,
111031233,2021,400,
111031234,2021,400,
111031235,2021,500,
112011236,2021,400,
112011237,2021,400,
112011238,2021,600,
112011239,2021,500,
112011240,2021,600,
112011241,2021,312,
112011242,2021,600,
112011243,2021,400,
112021244,2021,312,
112021245,2021,250,
112021246,2021,312,
112021247,2021,250,
112021248,2021,312,
112021249,2021,312,
112031250,2021,500,
112031251,2021,400,
112031252,2021,400,
112031253,2021,500,
112031254,2021,400,
112031550,2021,400,
112031551,2021,500,
112031552,2021,400,
113011256,2021,312,
113011257,2021,212,
113011258,2021,250,
113011259,2021,212,
113021260,2021,212,
113021261,2021,250,
113021262,2021,212,
113031263,2021,212,
113031264,2021,250,
113031265,2021,250,
113031266,2021,212,
113031267,2021,312,
113031268,2021,400,
113031269,2021,312,
113031270,2021,250,
113031271,2021,312,
114011272,2021,400,
114011273,2021,400,
114011274,2021,312,
114011276,2021,400,
114011277,2021,312,
114011278,2021,312,
114011279,2021,400,
114011280,2021,312,
114011281,2021,400,
114011282,2021,400,
114011283,2021,312,
114021284,2021,500,
114021285,2021,400,
114021286,2021,400,
114021287,2021,400,
114021288,2021,400,
114021289,2021,400,
115011290,2021,500,
115011291,2021,600,
115011294,2021,700,
115011296,2021,700,
115011553,2021,600,
115011554,2021,600,
115011555,2021,600,
115011556,2021,600,
115011557,2021,700,
115011558,2021,700,
115011621,2021,700,
115011622,2021,600,
115021297,2021,600,
115021298,2021,500,
115031299,2021,312,
115031300,2021,400,
115041301,2021,500,
115041623,2021,600,
115041624,2021,600,
115041625,2021,600,
116011303,2021,400,
116011304,2021,400,
116011306,2021,400,
116011307,2021,400,
116011560,2021,400,
116011561,2021,400,
116011626,2021,400,
116011627,2021,400,
116021309,2021,600,
116021562,2021,500,
116021563,2021,500,
116021628,2021,600,
116021629,2021,600,
116021630,2021,500,
116021631,2021,600,
116021632,2021,600,
116021633,2021,600,
116031313,2021,312,
116031314,2021,400,
116031315,2021,400,
116031316,2021,312,
116031317,2021,312,
116031319,2021,400,
117011320,2021,600,
117011321,2021,600,
117011323,2021,500,
117011634,2021,400,
117011635,2021,600,
117021327,2021,500,
117021328,2021,600,
117021636,2021,600,
117021637,2021,500,
117031329,2021,600,
117031330,2021,600,
117031331,2021,500,
117031333,2021,500,
117031336,2021,600,
117031638,2021,600,
117031639,2021,500,
117031640,2021,600,
117031641,2021,600,
117031642,2021,500,
117031643,2021,600,
117031644,2021,600,
117031645,2021,600,
117031646,2021,500,
117031647,2021,500,
117031648,2021,600,
118011339,2021,700,
118011340,2021,700,
118011341,2021,700,
118011344,2021,700,
118011345,2021,600,
118011346,2021,700,
118011347,2021,700,
118011649,2021,700,
118011650,2021,700,
118021564,2021,500,
118021565,2021,500,
118021566,2021,600,
118021567,2021,500,
118021568,2021,600,
118021569,2021,600,
118021570,2021,600,
118021651,2021,700,
118021652,2021,500,
118021653,2021,500,
118021654,2021,212,
119011354,2021,400,
119011355,2021,500,
119011356,2021,500,
119011358,2021,500,
119011360,2021,500,
119011361,2021,400,
119011571,2021,400,
119011572,2021,400,
119011655,2021,400,
119011656,2021,500,
119011657,2021,500,
119011658,2021,500,
119021362,2021,400,
119021366,2021,400,
119021367,2021,400,
119021573,2021,400,
119021574,2021,400,
119021659,2021,400,
119021660,2021,400,
119021661,2021,500,
119021662,2021,600,
119021663,2021,500,
119031370,2021,400,
119031371,2021,500,
119031372,2021,500,
119031373,2021,312,
119031374,2021,500,
119031664,2021,500,
119031665,2021,500,
119031666,2021,400,
119031667,2021,400,
119041377,2021,500,
119041378,2021,500,
119041379,2021,500,
119041380,2021,500,
119041381,2021,500,
119041382,2021,500,
119041668,2021,500,
119041669,2021,500,
119041670,2021,400,
119041671,2021,500,
120011383,2021,600,
120011385,2021,600,
120011386,2021,600,
120011672,2021,500,
120011673,2021,600,
120021387,2021,700,
120021389,2021,600,
120021674,2021,600,
120021675,2021,600,
120031392,2021,500,
120031393,2021,400,
120031394,2021,500,
120031395,2021,500,
120031396,2021,500,
120031576,2021,500,
120031676,2021,400,
120031677,2021,500,
120031678,2021,500,
120031679,2021,500,
120031680,2021,500,
120031681,2021,500,
121011399,2021,500,
121011401,2021,600,
121011682,2021,500,
121011683,2021,900,
121011684,2021,600,
121011685,2021,600,
121011686,2021,600,
121011687,2021,600,
121021403,2021,500,
121021404,2021,600,
121021406,2021,600,
121021577,2021,400,
121021578,2021,500,
121021579,2021,500,
121031407,2021,600,
121031408,2021,600,
121031409,2021,700,
121031410,2021,700,
121031411,2021,600,
121031412,2021,700,
121041413,2021,600,
121041414,2021,600,
121041416,2021,500,
121041417,2021,600,
121041688,2021,600,
121041689,2021,600,
122011418,2021,700,
122011419,2021,700,
122021420,2021,800,
122021421,2021,700,
122021422,2021,600,
122021690,2021,700,
122021691,2021,700,
122031424,2021,600,
122031425,2021,700,
122031427,2021,700,
122031429,2021,600,
122031430,2021,600,
122031432,2021,600,
122031692,2021,900,
122031693,2021,600,
122031694,2021,600,
122031695,2021,600,
122031696,2021,800,
122031697,2021,600,
123011433,2021,400,
123011698,2021,500,
123011699,2021,500,
123011700,2021,600,
123011701,2021,500,
123011702,2021,500,
123021436,2021,400,
123021437,2021,400,
123021438,2021,400,
123021441,2021,400,
123021443,2021,400,
123021444,2021,400,
123021703,2021,600,
123021704,2021,400,
123021705,2021,400,
123021706,2021,312,
123031445,2021,400,
123031446,2021,500,
123031447,2021,400,
123031448,2021,400,
124011449,2021,400,
124011450,2021,400,
124011452,2021,400,
124011453,2021,400,
124011454,2021,400,
124011455,2021,400,
124031457,2021,400,
124031459,2021,400,
124031460,2021,500,
124031461,2021,400,
124031462,2021,400,
124031463,2021,500,
124031464,2021,400,
124031465,2021,400,
124031707,2021,400,
124031708,2021,500,
124041466,2021,400,
124041467,2021,400,
124041468,2021,500,
124051469,2021,500,
124051470,2021,400,
124051580,2021,400,
124051581,2021,400,
125011582,2021,500,
125011583,2021,400,
125011584,2021,400,
125011585,2021,400,
125011586,2021,500,
125011587,2021,400,
125011709,2021,500,
125011710,2021,500,
125021477,2021,400,
125021478,2021,400,
125021711,2021,500,
125021712,2021,500,
125031479,2021,400,
125031480,2021,312,
125031481,2021,400,
125031483,2021,400,
125031484,2021,400,
125031487,2021,500,
125031713,2021,500,
125031714,2021,400,
125031715,2021,500,
125031716,2021,500,
125041489,2021,400,
125041490,2021,600,
125041491,2021,400,
125041493,2021,400,
125041494,2021,500,
125041588,2021,400,
125041589,2021,400,
125041717,2021,500,
125041718,2021,400,
125041719,2021,400,
126011496,2021,500,
126011720,2021,500,
126011721,2021,500,
126021498,2021,500,
126021499,2021,600,
126021500,2021,500,
126021501,2021,500,
126021503,2021,400,
126021590,2021,700,
126021722,2021,600,
126021723,2021,500,
126021724,2021,400,
126021725,2021,500,
127011504,2021,250,
127011505,2021,500,
127011592,2021,175,
127011593,2021,600,
127011594,2021,500,
127011595,2021,500,
127011596,2021,500,
127011597,2021,500,
127011726,2021,500,
127011727,2021,500,
127011728,2021,600,
127011729,2021,500,
127021509,2021,400,
127021510,2021,500,
127021511,2021,312,
127021512,2021,400,
127021513,2021,400,
127021514,2021,500,
127021515,2021,400,
127021516,2021,500,
127021517,2021,500,
127021518,2021,400,
127021519,2021,400,
127021520,2021,500,
127031522,2021,500,
127031523,2021,500,
127031524,2021,500,
127031599,2021,400,
127031601,2021,312,
127031730,2021,600,
127031731,2021,400,
127031732,2021,400,
127031733,2021,500,
128011529,2021,500,
128011530,2021,500,
128011531,2021,600,
128011602,2021,500,
128011603,2021,700,
128011604,2021,500,
128011605,2021,800,
128011606,2021,600,
128021533,2021,500,
128021534,2021,700,
128021535,2021,600,
128021536,2021,500,
128021537,2021,400,
128021538,2021,500,
128021607,2021,500,
128021608,2021,600,
128021609,2021,700,
201011001,2021,400,
201011002,2021,312,
201011005,2021,312,
201011006,2021,400,
201011007,2021,312,
201011008,2021,250,
201011481,2021,312,
201011482,2021,312,
201011483,2021,312,
201011484,2021,250,
201021009,2021,312,
201021010,2021,250,
201021011,2021,312,
201021012,2021,250,
201031013,2021,212,
201031014,2021,212,
201031015,2021,250,
201031016,2021,250,
201031017,2021,212,
202011018,2021,312,
202011019,2021,312,
202011020,2021,312,
202011021,2021,312,
202011022,2021,312,
202011023,2021,400,
202011024,2021,400,
202011025,2021,312,
202021026,2021,312,
202021027,2021,312,
202021028,2021,312,
202021029,2021,250,
202021030,2021,400,
202021031,2021,400,
202031032,2021,250,
202031033,2021,175,
203011034,2021,400,
203011035,2021,312,
203011036,2021,312,
203021037,2021,400,
203021039,2021,312,
203021040,2021,312,
203021042,2021,400,
203021043,2021,400,
203021044,2021,400,
203021045,2021,312,
203021046,2021,400,
203021047,2021,312,
203021485,2021,400,
203021486,2021,312,
203021487,2021,400,
203021488,2021,250,
203031048,2021,400,
203031049,2021,400,
203031051,2021,312,
203031052,2021,400,
203031053,2021,500,
203031489,2021,400,
203031490,2021,400,
204011054,2021,250,
204011055,2021,250,
204011056,2021,312,
204011057,2021,312,
204011058,2021,312,
204011059,2021,250,
204011060,2021,250,
204011062,2021,312,
204021063,2021,250,
204021064,2021,212,
204021065,2021,250,
204021066,2021,250,
204021067,2021,250,
204031068,2021,312,
204031069,2021,312,
204031070,2021,250,
204031071,2021,250,
204031072,2021,212,
204031073,2021,312,
204031075,2021,312,
204031491,2021,400,
204031492,2021,250,
205011076,2021,312,
205011077,2021,250,
205011078,2021,312,
205011079,2021,312,
205021081,2021,312,
205021082,2021,250,
205021084,2021,250,
205021085,2021,175,
205021086,2021,312,
205031087,2021,250,
205031089,2021,312,
205031090,2021,250,
205031091,2021,312,
205031092,2021,125,
205031093,2021,312,
205041094,2021,250,
205041095,2021,212,
205041096,2021,212,
205041098,2021,250,
205041493,2021,250,
205041494,2021,312,
205051100,2021,212,
205051101,2021,250,
205051102,2021,250,
205051103,2021,312,
205051104,2021,250,
206011106,2021,400,
206011107,2021,400,
206011109,2021,400,
206011495,2021,400,
206011496,2021,500,
206011497,2021,400,
206011498,2021,500,
206021110,2021,400,
206021112,2021,400,
206021499,2021,500,
206021500,2021,500,
206031113,2021,400,
206031115,2021,312,
206031116,2021,400,
206031501,2021,400,
206031502,2021,400,
206041117,2021,400,
206041118,2021,400,
206041119,2021,500,
206041120,2021,400,
206041121,2021,400,
206041124,2021,400,
206041125,2021,500,
206041503,2021,400,
206041504,2021,400,
206041505,2021,400,
206041506,2021,400,
206041508,2021,400,
206041509,2021,400,
206041510,2021,400,
206051128,2021,500,
206051129,2021,400,
206051130,2021,500,
206051134,2021,400,
206051511,2021,600,
206051512,2021,400,
206051513,2021,400,
206051514,2021,400,
206061135,2021,400,
206061136,2021,400,
206061138,2021,500,
206061515,2021,400,
206061516,2021,400,
206071139,2021,400,
206071140,2021,500,
206071141,2021,400,
206071142,2021,500,
206071143,2021,500,
206071145,2021,500,
206071517,2021,500,
206071518,2021,400,
207011146,2021,500,
207011147,2021,500,
207011148,2021,600,
207011149,2021,500,
207011150,2021,500,
207011152,2021,400,
207011154,2021,500,
207011155,2021,500,
207011519,2021,400,
207011520,2021,400,
207011521,2021,500,
207011522,2021,500,
207021156,2021,500,
207021157,2021,500,
207021159,2021,500,
207021160,2021,500,
207021424,2021,500,
207021425,2021,500,
207031161,2021,400,
207031162,2021,400,
207031163,2021,400,
207031164,2021,400,
207031165,2021,400,
207031166,2021,400,
207031167,2021,500,
208011168,2021,600,
208011169,2021,600,
208011170,2021,600,
208011171,2021,500,
208011172,2021,500,
208011173,2021,500,
208021174,2021,500,
208021176,2021,400,
208021177,2021,400,
208021178,2021,500,
208021179,2021,400,
208021180,2021,400,
208021181,2021,400,
208021182,2021,400,
208021426,2021,500,
208021427,2021,500,
208031183,2021,500,
208031185,2021,400,
208031186,2021,400,
208031187,2021,400,
208031188,2021,400,
208031189,2021,400,
208031190,2021,400,
208031191,2021,400,
208031193,2021,400,
208041194,2021,400,
208041195,2021,400,
209011196,2021,400,
209011197,2021,400,
209011198,2021,400,
209011199,2021,400,
209011200,2021,400,
209011201,2021,500,
209011202,2021,400,
209011203,2021,400,
209011204,2021,400,
209021205,2021,400,
209021428,2021,400,
209021429,2021,400,
209021523,2021,400,
209021524,2021,400,
209021525,2021,312,
209021526,2021,400,
209031209,2021,400,
209031210,2021,400,
209031211,2021,312,
209031212,2021,312,
209031213,2021,500,
209031214,2021,400,
209031215,2021,400,
209041216,2021,400,
209041217,2021,400,
209041220,2021,400,
209041221,2021,400,
209041223,2021,400,
209041224,2021,400,
209041225,2021,400,
209041431,2021,400,
209041432,2021,400,
209041433,2021,400,
209041435,2021,400,
209041436,2021,400,
209041437,2021,400,
209041527,2021,400,
209041528,2021,400,
209041529,2021,400,
209041530,2021,400,
209041531,2021,400,
209041532,2021,400,
210011226,2021,400,
210011228,2021,400,
210011230,2021,400,
210011231,2021,500,
210011533,2021,400,
210011534,2021,400,
210021232,2021,400,
210021233,2021,400,
210021234,2021,400,
210021235,2021,400,
210031236,2021,400,
210031237,2021,400,
210031439,2021,400,
210031440,2021,400,
210031535,2021,400,
210031536,2021,400,
210031537,2021,400,
210031538,2021,400,
210041240,2021,400,
210041539,2021,400,
210041540,2021,400,
210041541,2021,400,
210051242,2021,312,
210051243,2021,312,
210051245,2021,400,
210051246,2021,400,
210051247,2021,312,
210051250,2021,400,
210051441,2021,400,
210051442,2021,400,
210051443,2021,400,
210051445,2021,400,
210051542,2021,400,
210051543,2021,400,
210051544,2021,400,
210051545,2021,400,
211011251,2021,400,
211011254,2021,400,
211011255,2021,400,
211011256,2021,400,
211011257,2021,500,
211011258,2021,500,
211011259,2021,400,
211011260,2021,400,
211011446,2021,400,
211011447,2021,400,
211011448,2021,400,
211011449,2021,400,
211021261,2021,500,
211021262,2021,500,
211031263,2021,400,
211031265,2021,400,
211031266,2021,400,
211031267,2021,400,
211031268,2021,400,
211031450,2021,400,
211031451,2021,400,
211031452,2021,400,
211041269,2021,400,
211041270,2021,400,
211041271,2021,400,
211041272,2021,400,
211041273,2021,500,
211051274,2021,400,
211051275,2021,400,
211051276,2021,400,
211051277,2021,400,
211051278,2021,400,
211051279,2021,400,
211051280,2021,400,
211051281,2021,400,
211051282,2021,400,
211051283,2021,400,
211051284,2021,400,
211051285,2021,400,
211051286,2021,312,
212011289,2021,400,
212011546,2021,400,
212011547,2021,312,
212011548,2021,312,
212011549,2021,312,
212011550,2021,400,
212011551,2021,312,
212011552,2021,400,
212021293,2021,400,
212021295,2021,312,
212021297,2021,400,
212021299,2021,500,
212021453,2021,400,
212021454,2021,400,
212021455,2021,400,
212021456,2021,400,
212021553,2021,400,
212021554,2021,400,
212031300,2021,312,
212031303,2021,400,
212031304,2021,400,
212031306,2021,400,
212031308,2021,400,
212031457,2021,400,
212031458,2021,400,
212031555,2021,400,
212031556,2021,400,
212031557,2021,400,
212031558,2021,400,
212031559,2021,400,
212031560,2021,400,
212031561,2021,400,
212031562,2021,400,
212041309,2021,400,
212041310,2021,400,
212041312,2021,312,
212041313,2021,400,
212041316,2021,400,
212041317,2021,400,
212041318,2021,400,
212041459,2021,312,
212041460,2021,312,
212041563,2021,312,
212041564,2021,312,
212041565,2021,400,
212041566,2021,500,
212051319,2021,400,
212051321,2021,500,
212051322,2021,500,
212051323,2021,500,
212051324,2021,500,
212051325,2021,400,
212051326,2021,400,
212051327,2021,500,
212051567,2021,400,
212051568,2021,400,
213011328,2021,312,
213011329,2021,400,
213011331,2021,400,
213011332,2021,400,
213011333,2021,312,
213011334,2021,312,
213011335,2021,312,
213011336,2021,312,
213011337,2021,312,
213011338,2021,312,
213011339,2021,400,
213011340,2021,400,
213011569,2021,400,
213011570,2021,400,
213021341,2021,400,
213021342,2021,312,
213021343,2021,400,
213021344,2021,500,
213021345,2021,400,
213021346,2021,400,
213031347,2021,400,
213031348,2021,400,
213031349,2021,400,
213031350,2021,400,
213031351,2021,400,
213031352,2021,500,
213041353,2021,312,
213041358,2021,312,
213041359,2021,400,
213041360,2021,400,
213041461,2021,400,
213041462,2021,400,
213041463,2021,400,
213041571,2021,400,
213041572,2021,400,
213041573,2021,400,
213041574,2021,400,
213041575,2021,400,
213041576,2021,312,
213041577,2021,312,
213041578,2021,312,
213051361,2021,312,
213051362,2021,312,
213051363,2021,400,
213051368,2021,400,
213051464,2021,400,
213051466,2021,400,
213051467,2021,312,
213051468,2021,400,
213051579,2021,400,
213051580,2021,400,
213051581,2021,400,
213051582,2021,400,
213051583,2021,400,
213051584,2021,400,
213051585,2021,400,
213051586,2021,400,
213051587,2021,400,
213051588,2021,400,
213051589,2021,400,
213051590,2021,312,
214011370,2021,400,
214011371,2021,312,
214011372,2021,312,
214011373,2021,400,
214011374,2021,400,
214011375,2021,400,
214011376,2021,500,
214021377,2021,400,
214021378,2021,400,
214021379,2021,312,
214021381,2021,500,
214021382,2021,500,
214021383,2021,400,
214021384,2021,400,
214021385,2021,400,
214021591,2021,400,
214021592,2021,400,
215011386,2021,250,
215011387,2021,175,
215011388,2021,250,
215011389,2021,175,
215011390,2021,175,
215011391,2021,175,
215011392,2021,212,
215011393,2021,125,
215011394,2021,175,
215021395,2021,250,
215021396,2021,212,
215021398,2021,175,
215021399,2021,250,
215021469,2021,250,
215021470,2021,312,
215031400,2021,175,
215031401,2021,175,
215031402,2021,212,
215031403,2021,212,
215031404,2021,250,
215031405,2021,175,
216011406,2021,312,
216011407,2021,212,
216011408,2021,212,
216011409,2021,212,
216011410,2021,212,
216021411,2021,250,
216021412,2021,212,
216021413,2021,212,
216021414,2021,312,
216031415,2021,250,
216031416,2021,250,
216031418,2021,250,
216031419,2021,250,
216031593,2021,400,
216031594,2021,250,
217011420,2021,175,
217011421,2021,250,
217011422,2021,250,
217011423,2021,175,
217031471,2021,250,
217031472,2021,250,
217031473,2021,250,
217031474,2021,212,
217031475,2021,250,
217031476,2021,312,
217041477,2021,212,
217041478,2021,312,
217041479,2021,312,
217041480,2021,312,
301011001,2021,400,
301011002,2021,500,
301011003,2021,400,
301011004,2021,400,
301011005,2021,400,
301011006,2021,500,
301021007,2021,400,
301021008,2021,500,
301021009,2021,500,
301021011,2021,500,
301021012,2021,500,
301021013,2021,500,
301021550,2021,312,
301021551,2021,250,
301031015,2021,400,
301031016,2021,400,
301031017,2021,500,
301031018,2021,400,
301031019,2021,500,
301031020,2021,400,
301031021,2021,400,
302011022,2021,400,
302011023,2021,500,
302011024,2021,400,
302011025,2021,400,
302011026,2021,500,
302021027,2021,400,
302021028,2021,400,
302021029,2021,500,
302021030,2021,400,
302021031,2021,400,
302021032,2021,400,
302021033,2021,400,
302021034,2021,400,
302031035,2021,400,
302031037,2021,500,
302031038,2021,400,
302031039,2021,500,
302031040,2021,400,
302041041,2021,400,
302041042,2021,400,
302041043,2021,400,
302041044,2021,312,
302041045,2021,400,
302041046,2021,400,
303011047,2021,500,
303011048,2021,500,
303011049,2021,400,
303011050,2021,400,
303011051,2021,500,
303021052,2021,400,
303021053,2021,400,
303021054,2021,400,
303021055,2021,400,
303021056,2021,400,
303021057,2021,400,
303021058,2021,400,
303021059,2021,400,
303031060,2021,400,
303031061,2021,400,
303031062,2021,400,
303031063,2021,400,
303031064,2021,600,
303031065,2021,400,
303031066,2021,400,
303041067,2021,400,
303041068,2021,400,
303041069,2021,400,
303041070,2021,400,
303041071,2021,500,
303051072,2021,400,
303051073,2021,400,
303051074,2021,500,
303051075,2021,500,
303051076,2021,312,
303061077,2021,400,
303061078,2021,400,
303061079,2021,400,
303061080,2021,400,
304011081,2021,500,
304011082,2021,400,
304011083,2021,400,
304011084,2021,500,
304011085,2021,500,
304021086,2021,500,
304021087,2021,500,
304021088,2021,600,
304021089,2021,600,
304021090,2021,500,
304021091,2021,600,
304031092,2021,500,
304031093,2021,400,
304031094,2021,400,
304031095,2021,400,
304031096,2021,400,
304031097,2021,400,
304041098,2021,400,
304041100,2021,400,
304041101,2021,400,
304041103,2021,500,
304041104,2021,400,
305011105,2021,500,
305011106,2021,400,
305011107,2021,400,
305011108,2021,500,
305011109,2021,400,
305011110,2021,500,
305011111,2021,400,
305011112,2021,500,
305021113,2021,500,
305021114,2021,500,
305021115,2021,400,
305021116,2021,400,
305021117,2021,400,
305021118,2021,500,
305031119,2021,400,
305031120,2021,400,
305031121,2021,400,
305031122,2021,400,
305031123,2021,500,
305031124,2021,400,
305031125,2021,600,
305031126,2021,400,
305031127,2021,400,
305031128,2021,500,
305031129,2021,400,
305031130,2021,400,
305031131,2021,400,
305041132,2021,400,
305041133,2021,400,
305041134,2021,500,
305041135,2021,500,
305041136,2021,400,
305041137,2021,400,
306011138,2021,500,
306011139,2021,400,
306011140,2021,400,
306011141,2021,400,
306011142,2021,400,
306011143,2021,312,
306021144,2021,400,
306021145,2021,312,
306021146,2021,312,
306021147,2021,400,
306021148,2021,312,
306021149,2021,400,
306021151,2021,250,
306021152,2021,250,
306021153,2021,400,
306021154,2021,312,
306021155,2021,312,
306021156,2021,312,
306021157,2021,312,
306031158,2021,250,
306031159,2021,250,
306031160,2021,250,
306031161,2021,250,
306031163,2021,175,
306041164,2021,250,
306041165,2021,400,
306051166,2021,312,
306051167,2021,250,
306051168,2021,250,
306051169,2021,250,
306051170,2021,312,
307011171,2021,212,
307011172,2021,250,
307011173,2021,312,
307011174,2021,212,
307011175,2021,212,
307011176,2021,250,
307011177,2021,175,
307011178,2021,175,
307021179,2021,250,
307021180,2021,250,
307021181,2021,212,
307021182,2021,250,
307021183,2021,250,
307031184,2021,250,
307031185,2021,250,
307031186,2021,250,
307031187,2021,250,
307031188,2021,250,
307031189,2021,250,
308011190,2021,175,
308011191,2021,125,
308011192,2021,312,
308031205,2021,250,
308031206,2021,250,
308031207,2021,400,
308031208,2021,312,
308031209,2021,400,
308031210,2021,312,
308031211,2021,250,
308031212,2021,212,
308031213,2021,312,
308031214,2021,250,
308031215,2021,312,
308031216,2021,250,
308031217,2021,250,
308031218,2021,312,
308031219,2021,250,
308031220,2021,312,
308031222,2021,312,
308031223,2021,400,
308041528,2021,212,
308041529,2021,250,
308051530,2021,250,
308051531,2021,312,
308051533,2021,312,
308051534,2021,250,
308051535,2021,312,
308051536,2021,250,
308051538,2021,312,
308051539,2021,250,
309011224,2021,600,
309011225,2021,500,
309011226,2021,500,
309011227,2021,400,
309011228,2021,500,
309011229,2021,500,
309021230,2021,400,
309021231,2021,500,
309021232,2021,500,
309021233,2021,500,
309021234,2021,500,
309031235,2021,500,
309031236,2021,400,
309031237,2021,400,
309031238,2021,400,
309031239,2021,500,
309031240,2021,400,
309041241,2021,400,
309041242,2021,400,
309051243,2021,500,
309051244,2021,500,
309051245,2021,500,
309061246,2021,500,
309061247,2021,400,
309061248,2021,400,
309061249,2021,500,
309061250,2021,600,
309071251,2021,500,
309071252,2021,500,
309071253,2021,600,
309071254,2021,400,
309071256,2021,400,
309071552,2021,400,
309071553,2021,500,
309071554,2021,400,
309071555,2021,400,
309071556,2021,500,
309071557,2021,500,
309071558,2021,400,
309081259,2021,600,
309081260,2021,500,
309081262,2021,500,
309081559,2021,500,
309081560,2021,500,
309091263,2021,500,
309091264,2021,500,
309091265,2021,500,
309091540,2021,400,
309091541,2021,400,
309101267,2021,600,
309101268,2021,500,
309101269,2021,500,
309101561,2021,400,
309101562,2021,400,
310011271,2021,400,
310011272,2021,400,
310011274,2021,312,
310011275,2021,400,
310011276,2021,312,
310011563,2021,400,
310011564,2021,400,
310021277,2021,312,
310021278,2021,250,
310021280,2021,312,
310021281,2021,312,
310021282,2021,312,
310031283,2021,312,
310031284,2021,312,
310031285,2021,312,
310031286,2021,312,
310031287,2021,312,
310031288,2021,312,
310031289,2021,400,
310031290,2021,400,
310031291,2021,312,
310031292,2021,312,
310031293,2021,312,
310031294,2021,400,
310031295,2021,250,
310041297,2021,312,
310041299,2021,312,
310041300,2021,312,
310041302,2021,400,
310041303,2021,400,
310041304,2021,400,
310041565,2021,400,
310041566,2021,312,
311011305,2021,312,
311021306,2021,312,
311021307,2021,312,
311021308,2021,400,
311021309,2021,312,
311021310,2021,400,
311031311,2021,400,
311031312,2021,400,
311031313,2021,400,
311031314,2021,400,
311031316,2021,400,
311031317,2021,400,
311031318,2021,500,
311031319,2021,400,
311041322,2021,500,
311041567,2021,400,
311041568,2021,400,
311041569,2021,400,
311041570,2021,400,
311041571,2021,400,
311051323,2021,400,
311051324,2021,400,
311051325,2021,400,
311051326,2021,400,
311051327,2021,400,
311051328,2021,312,
311061329,2021,400,
311061330,2021,312,
311061331,2021,312,
311061332,2021,400,
311061333,2021,312,
311061334,2021,400,
311061335,2021,400,
311061336,2021,312,
312011337,2021,250,
312011338,2021,87,
312011339,2021,212,
312011340,2021,212,
312011341,2021,125,
312021342,2021,400,
312021343,2021,312,
312021344,2021,400,
312021346,2021,250,
312021347,2021,500,
312021348,2021,400,
312021349,2021,312,
312021350,2021,400,
312021351,2021,400,
312021352,2021,312,
312021353,2021,250,
312021354,2021,400,
312021355,2021,312,
312021356,2021,312,
312021357,2021,312,
312021358,2021,312,
312031359,2021,400,
312031361,2021,312,
313011362,2021,400,
313011363,2021,312,
313021364,2021,400,
313021366,2021,312,
313021367,2021,400,
313021368,2021,400,
313021369,2021,400,
313021572,2021,312,
313021573,2021,312,
313031370,2021,312,
313031371,2021,400,
313041372,2021,400,
313041373,2021,312,
313041374,2021,312,
313041375,2021,400,
313041376,2021,400,
313051377,2021,312,
313051378,2021,312,
313051379,2021,312,
313051380,2021,400,
313051574,2021,212,
313051575,2021,400,
314011382,2021,400,
314011383,2021,400,
314011384,2021,400,
314011385,2021,500,
314011386,2021,500,
314011387,2021,500,
314021389,2021,400,
314021576,2021,400,
314021577,2021,400,
314021578,2021,400,
314021579,2021,400,
314031391,2021,400,
314031392,2021,312,
314031393,2021,400,
314031394,2021,400,
315011395,2021,125,
315011396,2021,125,
315011397,2021,125,
315011398,2021,125,
315011399,2021,125,
315011400,2021,250,
315011401,2021,212,
315011402,2021,125,
315011403,2021,500,
315021404,2021,125,
315021405,2021,312,
315021406,2021,212,
315021407,2021,175,
315031408,2021,175,
315031409,2021,175,
315031410,2021,125,
315031411,2021,125,
315031412,2021,212,
316011413,2021,500,
316011414,2021,500,
316011415,2021,500,
316011416,2021,500,
316021417,2021,500,
316021418,2021,400,
316021419,2021,400,
316021421,2021,400,
316021422,2021,400,
316021423,2021,500,
316021424,2021,500,
316021580,2021,500,
316021581,2021,500,
316031425,2021,500,
316031426,2021,400,
316031427,2021,400,
316031428,2021,400,
316051434,2021,500,
316051435,2021,500,
316051437,2021,500,
316051438,2021,500,
316051543,2021,500,
316051544,2021,500,
316061439,2021,400,
316061440,2021,400,
316061441,2021,400,
316061442,2021,500,
316061443,2021,400,
316061444,2021,400,
316071545,2021,500,
316071546,2021,400,
316071547,2021,400,
316071548,2021,400,
316081549,2021,400,
317011445,2021,312,
317011446,2021,312,
317011447,2021,312,
317011448,2021,312,
317011449,2021,400,
317011450,2021,400,
317011451,2021,312,
317011452,2021,400,
317011453,2021,312,
317011454,2021,312,
317011455,2021,312,
317011456,2021,312,
317011457,2021,312,
317011458,2021,312,
317011459,2021,312,
318011460,2021,250,
318011461,2021,212,
318011462,2021,212,
318011463,2021,212,
318011464,2021,212,
318011465,2021,212,
318011466,2021,125,
318021467,2021,250,
318021468,2021,400,
318021469,2021,312,
318021470,2021,400,
318021471,2021,312,
318021472,2021,312,
318021474,2021,400,
318021475,2021,250,
318021476,2021,250,
318021477,2021,312,
318021478,2021,250,
318021479,2021,250,
318021480,2021,312,
318021481,2021,312,
318021482,2021,400,
318021483,2021,312,
318021484,2021,400,
318021485,2021,250,
318021486,2021,312,
318021487,2021,400,
318021488,2021,312,
318021489,2021,250,
318021490,2021,312,
318021491,2021,312,
318021582,2021,400,
318021583,2021,312,
319011492,2021,312,
319011493,2021,312,
319011494,2021,312,
319011495,2021,250,
319011496,2021,312,
319011497,2021,312,
319011498,2021,312,
319011499,2021,312,
319011500,2021,312,
319011501,2021,312,
319011502,2021,312,
319021503,2021,212,
319021504,2021,250,
319021505,2021,250,
319021506,2021,175,
319021507,2021,250,
319021508,2021,175,
319021509,2021,250,
319031511,2021,312,
319031512,2021,312,
319031513,2021,312,
319031514,2021,312,
319031515,2021,212,
319041516,2021,312,
319041517,2021,400,
319041518,2021,400,
319041519,2021,312,
319041520,2021,312,
319041521,2021,312,
319051522,2021,312,
319051523,2021,250,
319051524,2021,250,
319051525,2021,250,
319051526,2021,312,
401011001,2021,400,
401011002,2021,400,
401021003,2021,312,
401021004,2021,400,
401021005,2021,400,
401021006,2021,312,
401021007,2021,400,
401021008,2021,312,
401021009,2021,400,
401021010,2021,400,
401031011,2021,400,
401031012,2021,400,
401031013,2021,312,
401041014,2021,400,
401041015,2021,312,
401041016,2021,400,
401051017,2021,400,
401051018,2021,312,
401051019,2021,312,
401061020,2021,312,
401061021,2021,400,
401061022,2021,400,
401071023,2021,312,
401071024,2021,400,
402011025,2021,312,
402011026,2021,312,
402011027,2021,312,
402021028,2021,312,
402021029,2021,250,
402021030,2021,250,
402021031,2021,250,
402021032,2021,312,
402021033,2021,312,
402021034,2021,250,
402021035,2021,312,
402031036,2021,312,
402031038,2021,312,
402031175,2021,400,
402031176,2021,312,
402041040,2021,312,
402041041,2021,312,
402041043,2021,312,
402041044,2021,312,
402041046,2021,250,
402041047,2021,312,
402041048,2021,312,
402041171,2021,400,
402041172,2021,312,
402051049,2021,312,
402051050,2021,312,
402051051,2021,400,
402051052,2021,312,
402051053,2021,312,
402051054,2021,312,
402051055,2021,312,
403011056,2021,400,
403011057,2021,312,
403021058,2021,312,
403021059,2021,400,
403021060,2021,400,
403021061,2021,312,
403021062,2021,312,
403021063,2021,400,
403021064,2021,312,
403031065,2021,400,
403031066,2021,312,
403031067,2021,400,
403031068,2021,312,
403031069,2021,400,
403031070,2021,312,
403041071,2021,312,
403041072,2021,312,
403041073,2021,250,
403041074,2021,312,
403041075,2021,250,
403041076,2021,400,
403041077,2021,400,
403041078,2021,312,
403041079,2021,250,
403041080,2021,400,
403041083,2021,400,
403041084,2021,312,
403041085,2021,312,
403041086,2021,312,
403041088,2021,312,
403041089,2021,400,
403041177,2021,400,
403041178,2021,312,
404011090,2021,312,
404011091,2021,312,
404011092,2021,400,
404011093,2021,312,
404011094,2021,312,
404011095,2021,312,
404011096,2021,312,
404011097,2021,312,
404021099,2021,312,
404021100,2021,312,
404021101,2021,312,
404021102,2021,250,
404031105,2021,312,
404031106,2021,312,
404031107,2021,312,
404031108,2021,312,
404031109,2021,312,
405011110,2021,250,
405011111,2021,250,
405011112,2021,312,
405011113,2021,250,
405011114,2021,312,
405011115,2021,312,
405021116,2021,250,
405021117,2021,250,
405021118,2021,212,
405021119,2021,212,
405031120,2021,175,
405031121,2021,175,
405031122,2021,175,
405031123,2021,212,
405041124,2021,250,
405041125,2021,250,
405041126,2021,250,
405041127,2021,212,
405041128,2021,212,
406011129,2021,212,
406011130,2021,212,
406011131,2021,175,
406011132,2021,125,
406011133,2021,250,
406011134,2021,125,
406011135,2021,38,
406011136,2021,175,
406021138,2021,87,
406021139,2021,175,
406021140,2021,175,
406021141,2021,87,
406021142,2021,212,
406021143,2021,250,
407011144,2021,312,
407011145,2021,212,
407011146,2021,312,
407011147,2021,250,
407011148,2021,312,
407011149,2021,250,
407021150,2021,212,
407021151,2021,212,
407021152,2021,175,
407021154,2021,250,
407021155,2021,175,
407021156,2021,175,
407021157,2021,175,
407021158,2021,175,
407021173,2021,212,
407021174,2021,212,
407031159,2021,212,
407031160,2021,212,
407031161,2021,175,
407031162,2021,212,
407031163,2021,175,
407031164,2021,212,
407031165,2021,250,
407031166,2021,212,
407031167,2021,212,
407031168,2021,212,
407031169,2021,175,
407031170,2021,212,
501011001,2021,312,
501011003,2021,400,
501011004,2021,400,
501011293,2021,400,
501011294,2021,400,
501021005,2021,400,
501021007,2021,312,
501021008,2021,312,
501021009,2021,250,
501021010,2021,250,
501021012,2021,400,
501021014,2021,312,
501021015,2021,312,
501021016,2021,250,
501021251,2021,400,
501021252,2021,400,
501021253,2021,312,
501021254,2021,250,
501031017,2021,250,
501031018,2021,312,
501031019,2021,250,
501031020,2021,250,
502011021,2021,400,
502011022,2021,312,
502011023,2021,312,
502011024,2021,400,
502011025,2021,250,
502011026,2021,312,
502011027,2021,400,
502011028,2021,312,
502011029,2021,312,
503011030,2021,800,
503011031,2021,500,
503011032,2021,600,
503011033,2021,600,
503011034,2021,312,
503011035,2021,500,
503011036,2021,500,
503021038,2021,400,
503021039,2021,312,
503021040,2021,400,
503021042,2021,400,
503021043,2021,312,
503021295,2021,400,
503021296,2021,400,
503021297,2021,400,
504011044,2021,312,
504011045,2021,400,
504011046,2021,312,
504011047,2021,400,
504011048,2021,400,
504021049,2021,400,
504021050,2021,400,
504021051,2021,312,
504021053,2021,400,
504021054,2021,312,
504031056,2021,400,
504031057,2021,400,
504031058,2021,400,
504031060,2021,312,
504031061,2021,400,
504031062,2021,312,
504031063,2021,800,
504031065,2021,312,
504031066,2021,312,
504031067,2021,312,
504031068,2021,400,
504031298,2021,400,
504031299,2021,400,
504031300,2021,400,
505011070,2021,400,
505011071,2021,400,
505011072,2021,500,
505011073,2021,400,
505011074,2021,400,
505011075,2021,500,
505011076,2021,700,
505011077,2021,400,
505011078,2021,400,
505011079,2021,500,
505011080,2021,500,
505011081,2021,400,
505011082,2021,500,
505011083,2021,500,
505021084,2021,400,
505021085,2021,312,
505021088,2021,400,
505021089,2021,500,
505021090,2021,312,
505021091,2021,400,
505021092,2021,400,
505021093,2021,312,
505021094,2021,400,
505021095,2021,312,
505021096,2021,400,
505021097,2021,312,
505021301,2021,312,
505021302,2021,312,
505031098,2021,312,
505031099,2021,312,
505031100,2021,400,
505031101,2021,400,
505031102,2021,312,
505031104,2021,400,
505031105,2021,400,
505031107,2021,400,
505031255,2021,400,
505031256,2021,250,
505031257,2021,312,
505031258,2021,312,
505031303,2021,400,
505031304,2021,500,
505031305,2021,400,
505031306,2021,400,
506011110,2021,312,
506011112,2021,312,
506011114,2021,312,
506011115,2021,312,
506011116,2021,400,
506011117,2021,312,
506011307,2021,400,
506011308,2021,400,
506021118,2021,400,
506021119,2021,400,
506021123,2021,400,
506021309,2021,312,
506021310,2021,400,
506021311,2021,400,
506031124,2021,312,
506031125,2021,500,
506031127,2021,400,
506031128,2021,312,
506031129,2021,400,
506031131,2021,400,
506041132,2021,312,
506041133,2021,400,
506041134,2021,312,
506041135,2021,400,
506041136,2021,312,
506041137,2021,312,
506051138,2021,400,
506051139,2021,400,
506051140,2021,400,
506051141,2021,400,
506061142,2021,400,
506061143,2021,400,
506061144,2021,312,
506071145,2021,400,
506071146,2021,312,
506071147,2021,400,
507011148,2021,400,
507011152,2021,400,
507011153,2021,312,
507011154,2021,312,
507011158,2021,500,
507011159,2021,400,
507011160,2021,400,
507011161,2021,400,
507011163,2021,400,
507011259,2021,400,
507011260,2021,400,
507021164,2021,400,
507021165,2021,400,
507021166,2021,400,
507021167,2021,500,
507031169,2021,400,
507031170,2021,312,
507031173,2021,312,
507031174,2021,250,
507031261,2021,400,
507041175,2021,500,
507041176,2021,400,
507041177,2021,400,
507041178,2021,400,
507041179,2021,400,
507041180,2021,400,
507041181,2021,400,
507041182,2021,400,
507041183,2021,312,
507041184,2021,600,
507051186,2021,312,
507051187,2021,400,
507051188,2021,312,
507051190,2021,312,
507051191,2021,400,
507051192,2021,312,
507051193,2021,312,
507051312,2021,400,
507051313,2021,400,
507051314,2021,400,
509011225,2021,312,
509011226,2021,250,
509011227,2021,312,
509011228,2021,312,
509011229,2021,175,
509011230,2021,212,
509011231,2021,175,
509011232,2021,250,
509011233,2021,312,
509011234,2021,212,
509021236,2021,312,
509021237,2021,175,
509021238,2021,175,
509021239,2021,312,
509021240,2021,212,
509021241,2021,212,
509021242,2021,175,
509021243,2021,250,
509021244,2021,312,
509021245,2021,250,
509031246,2021,212,
509031247,2021,175,
509031248,2021,312,
509031249,2021,250,
509031250,2021,175,
510011262,2021,312,
510011263,2021,125,
510011264,2021,87,
510011265,2021,250,
510011266,2021,125,
510021267,2021,38,
510021268,2021,125,
510021269,2021,212,
510021270,2021,250,
510031271,2021,38,
510031272,2021,312,
510031273,2021,175,
511011274,2021,250,
511011275,2021,250,
511021276,2021,212,
511021277,2021,250,
511031278,2021,312,
511031279,2021,312,
511031280,2021,312,
511031282,2021,175,
511031283,2021,38,
511041285,2021,250,
511041286,2021,212,
511041287,2021,312,
511041288,2021,312,
511041289,2021,250,
511041290,2021,125,
511041291,2021,175,
511041292,2021,250,
601011001,2021,250,
601011002,2021,400,
601011003,2021,400,
601021004,2021,400,
601021005,2021,400,
601021006,2021,400,
601021007,2021,400,
601021008,2021,400,
601021009,2021,312,
601021010,2021,312,
601021011,2021,312,
601021012,2021,400,
601031013,2021,400,
601031014,2021,312,
601031015,2021,312,
601031016,2021,312,
601031017,2021,312,
601031018,2021,400,
601031019,2021,312,
601031020,2021,312,
601031021,2021,312,
601041022,2021,400,
601041023,2021,400,
601041024,2021,400,
601041026,2021,400,
601051027,2021,400,
601051028,2021,400,
601051029,2021,400,
601051030,2021,312,
601051031,2021,400,
601051032,2021,400,
601051033,2021,400,
601061034,2021,312,
601061035,2021,400,
602011036,2021,312,
602011037,2021,312,
602011038,2021,312,
602011039,2021,400,
602011040,2021,312,
602011041,2021,250,
602011042,2021,312,
602011043,2021,312,
602011044,2021,312,
602011045,2021,250,
602011046,2021,312,
602011047,2021,312,
602011048,2021,312,
602011049,2021,312,
602011050,2021,250,
602011051,2021,312,
602011052,2021,312,
602021053,2021,250,
602021054,2021,250,
602021055,2021,312,
602021056,2021,250,
602021057,2021,250,
602031058,2021,250,
602031059,2021,212,
602031060,2021,250,
602031061,2021,212,
602031062,2021,312,
602031064,2021,250,
602031099,2021,125,
602031100,2021,212,
603011065,2021,212,
603011066,2021,250,
603011067,2021,250,
603021069,2021,312,
603021070,2021,312,
603021071,2021,312,
603021072,2021,312,
603031073,2021,250,
603031074,2021,250,
604011075,2021,250,
604011076,2021,212,
604011077,2021,250,
604011078,2021,250,
604011079,2021,250,
604011080,2021,250,
604011081,2021,250,
604011082,2021,250,
604011083,2021,250,
604011084,2021,212,
604021085,2021,250,
604021086,2021,250,
604021087,2021,250,
604021088,2021,312,
604021089,2021,312,
604021090,2021,312,
604021091,2021,212,
604021092,2021,250,
604031093,2021,175,
604031094,2021,212,
604031095,2021,250,
604031096,2021,250,
604031097,2021,175,
701011002,2021,500,
701011004,2021,400,
701011005,2021,400,
701011006,2021,250,
701011007,2021,400,
701011008,2021,400,
701011009,2021,500,
701021010,2021,312,
701021011,2021,400,
701021012,2021,400,
701021013,2021,400,
701021016,2021,312,
701021018,2021,400,
701021019,2021,312,
701021020,2021,400,
701021021,2021,312,
701021022,2021,312,
701021023,2021,400,
701021024,2021,312,
701021025,2021,400,
701021026,2021,400,
701021027,2021,400,
701021028,2021,312,
701021029,2021,400,
701021030,2021,400,
701031031,2021,400,
701031032,2021,400,
701031034,2021,400,
701031035,2021,400,
701041036,2021,400,
701041037,2021,400,
701041038,2021,500,
701041039,2021,312,
701041040,2021,312,
701041041,2021,500,
701041042,2021,500,
701041043,2021,400,
701041044,2021,400,
702011045,2021,400,
702011046,2021,400,
702011047,2021,400,
702011048,2021,400,
702011049,2021,400,
702011050,2021,125,
702011051,2021,312,
702011052,2021,38,
702011053,2021,87,
702011054,2021,87,
702021055,2021,38,
702021056,2021,175,
702031057,2021,125,
702031058,2021,87,
702031059,2021,38,
702031060,2021,87,
702031061,2021,87,
702041062,2021,87,
702041063,2021,87,
702041064,2021,125,
702051065,2021,87,
702051066,2021,38,
702051067,2021,312,
702051068,2021,87,
801011001,2021,500,
801011002,2021,400,
801011003,2021,400,
801011004,2021,400,
801011005,2021,400,
801011006,2021,500,
801011007,2021,500,
801011008,2021,400,
801011009,2021,500,
801011010,2021,500,
801011011,2021,500,
801011013,2021,400,
801011014,2021,400,
801011015,2021,400,
801011016,2021,500,
801011017,2021,400,
801011018,2021,600,
801011019,2021,500,
801011020,2021,400,
801011021,2021,400,
801011022,2021,400,
801011023,2021,400,
801011024,2021,400,
801011025,2021,400,
801011026,2021,500,
801011143,2021,400,
801031113,2021,250,
801031114,2021,400,
801031115,2021,250,
801041034,2021,500,
801041035,2021,500,
801041036,2021,500,
801041037,2021,500,
801041038,2021,600,
801041039,2021,500,
801041040,2021,500,
801041043,2021,125,
801041044,2021,500,
801041046,2021,500,
801041047,2021,500,
801041048,2021,500,
801041118,2021,500,
801041120,2021,500,
801041121,2021,312,
801041122,2021,400,
801051050,2021,400,
801051051,2021,500,
801051053,2021,600,
801051054,2021,500,
801051055,2021,400,
801051056,2021,400,
801051057,2021,400,
801051058,2021,500,
801051060,2021,500,
801051061,2021,400,
801051124,2021,600,
801051125,2021,250,
801051127,2021,400,
801061062,2021,500,
801061063,2021,600,
801061064,2021,500,
801061067,2021,400,
801061069,2021,500,
801061070,2021,600,
801061129,2021,500,
801061130,2021,312,
801061131,2021,500,
801071071,2021,400,
801071072,2021,400,
801071073,2021,400,
801071074,2021,400,
801071075,2021,400,
801071076,2021,600,
801071077,2021,400,
801071078,2021,400,
801071079,2021,400,
801071080,2021,500,
801071081,2021,500,
801071082,2021,400,
801071083,2021,500,
801071084,2021,500,
801071086,2021,400,
801071087,2021,400,
801071088,2021,400,
801071090,2021,400,
801081091,2021,400,
801081092,2021,400,
801081093,2021,400,
801081094,2021,500,
801081095,2021,312,
801081096,2021,500,
801081097,2021,400,
801081098,2021,400,
801091099,2021,500,
801091100,2021,500,
801091101,2021,400,
801091102,2021,600,
801091103,2021,400,
801091104,2021,500,
801091105,2021,400,
801091106,2021,400,
801091107,2021,1000,
801091108,2021,400,
801091109,2021,400,
801091110,2021,500,
801101135,2021,500,
801101136,2021,500,
801101139,2021,500,
801111140,2021,312,
801111141,2021,400,
901011001,2021,125,
901021002,2021,250,
901031003,2021,38,
901041004,2021,250,