SA2_CODE,CITY_ID
101021007,GOU
101021008,GOU
101021009,GOU
101021010,GOU
101021012,GOU
101021610,GOU
101021611,GOU
101031013,ALW
101031014,GOU
101031015,GOU
101031016,ALW
101041017,NRA
101041018,NRA
101041019,NRA
101041020,NRA
101041021,NRA
101041022,NRA
101041023,NRA
101041024,NRA
101041025,NRA
101041026,NRA
101041027,NRA
101051539,GOU
101051540,GOU
101061541,GOU
101061542,GOU
101061543,GOU
101061544,GOU
102011028,SYD
102011029,SYD
102011030,CCS
102011031,SYD
102011032,SYD
102011033,SYD
102011034,SYD
102011035,SYD
102011036,SYD
102011037,SYD
102011038,SYD
102011039,SYD
102011040,SYD
102011041,SYD
102011042,SYD
102011043,SYD
102021044,NCL
102021045,NCL
102021046,NCL
102021047,NCL
102021048,NCL
102021049,NCL
102021050,NCL
102021051,NCL
102021052,NCL
102021053,NCL
102021054,NCL
102021055,NCL
102021056,NCL
102021057,NCL
103011059,BTH
103011060,BTH
103011061,BTH
103011612,BTH
103011613,BTH
103021062,DBO
103021063,ORG
103021064,ORG
103021065,ORG
103021066,ORG
103021067,ORG
103021068,DBO
103021069,LET
103031070,BTH
103031071,BTH
103031072,ORG
103031073,BTH
103031074,DBO
103031075,BTH
103041076,ORG
103041077,ORG
103041078,ORG
103041079,ORG
104011080,TWD
104011081,TWD
104011082,TWD
104021083,NMB
104021084,COF
104021085,COF
104021086,COF
104021087,COF
104021088,COF
104021089,COF
104021090,NMB
104021091,COF
105011092,DBO
105011093,GRF
105011094,DBO
105011095,DBO
105011096,DBO
105021097,GRF
105021098,GRF
105031099,DBO
105031100,DBO
105031101,DBO
105031102,DBO
105031103,DBO
105031104,DBO
105031105,DBO
105031106,DBO
106011107,NCL
106011108,NCL
106011109,NCL
106011110,PMQ
106011111,NCL
106011112,NCL
106011113,NCL
106021114,NCL
106021116,NCL
106021614,NCL
106021615,NCL
106021616,NCL
106021617,NCL
106021618,NCL
106031119,PST
106031120,PST
106031121,PMQ
106031122,NCL
106031123,PST
106031124,PMQ
106031125,PST
106041126,PST
106041127,NCL
106041128,TMW
106041129,TMW
107011131,WOL
107011132,WOL
107011133,WOL
107011134,WOL
107011545,WOL
107011546,WOL
107011547,WOL
107021135,WOL
107031136,WOL
107031137,WOL
107031138,WOL
107031139,WOL
107031140,NRA
107031141,WOL
107031142,WOL
107031143,WOL
107041144,WOL
107041145,WOL
107041146,WOL
107041147,WOL
107041148,WOL
107041150,WOL
107041548,WOL
107041549,WOL
108011151,PMQ
108011152,FOS
108011153,FOS
108011154,FOS
108021155,KPS
108021156,KPS
108021157,NMB
108021158,NMB
108021159,NMB
108021160,NMB
108031161,COF
108041162,TAR
108041164,KPS
108041165,KPS
108041166,KPS
108041619,KPS
108041620,KPS
108051167,TAR
108051168,TAR
108051169,TAR
108051170,TAR
108051171,TAR
109011172,ALW
109011173,ALW
109011174,ALW
109011175,ALW
109011176,ALW
109021177,GRF
109021178,GRF
109021179,GRF
109031180,ALW
109031181,ALW
109031182,LET
109031183,GRF
109031184,ALW
109031185,LET
110011186,TMW
110011187,NMB
110011188,TMW
110011189,TMW
110021190,COF
110021191,TMW
110021192,TMW
110021193,TMW
110021194,LSM
110031195,TMW
110031196,TMW
110031197,TMW
110031198,TMW
110041199,TMW
110041200,TMW
110041201,TMW
110041202,TMW
110041203,TMW
110041204,TMW
110041205,TMW
111011206,NCL
111011207,NCL
111011208,NCL
111011209,NCL
111011210,NCL
111011211,NCL
111011212,NCL
111011213,NCL
111011214,NCL
111021215,NCL
111021216,NCL
111021217,NCL
111021218,NCL
111021219,NCL
111021220,NCL
111021221,NCL
111031222,NCL
111031223,NCL
111031224,NCL
111031225,NCL
111031226,NCL
111031227,NCL
111031228,NCL
111031229,NCL
111031230,NCL
111031231,NCL
111031232,NCL
111031233,NCL
111031234,NCL
111031235,NCL
112011236,BLN
112011237,BLN
112011238,BYR
112011239,BYR
112011240,BYR
112011241,TWD
112011242,BLN
112011243,BYR
112021244,LSM
112021245,LSM
112021246,LSM
112021247,LSM
112021248,LSM
112021249,LSM
112031250,BYR
112031251,BYR
112031252,BYR
112031253,BYR
112031254,BYR
112031550,BYR
112031551,BYR
112031552,BYR
113011256,GRF
113011257,GRF
113011258,LET
113011259,LET
113021260,ALW
113021261,WGA
113021262,WGA
113031263,WGA
113031264,WGA
113031265,WGA
113031266,WGA
113031267,WGA
113031268,WGA
113031269,WGA
113031270,WGA
113031271,WGA
114011272,NRA
114011273,NRA
114011274,NRA
114011275,NRA
114011276,NRA
114011277,NRA
114011278,NRA
114011279,NRA
114011280,NRA
114011281,NRA
114011282,NRA
114011283,NRA
114021284,WOL
114021285,WOL
114021286,WOL
114021287,NRA
114021288,NRA
114021289,NRA
115011290,CCS
115011291,CCS
115011294,CCS
115011296,CCS
115011553,CCS
115011554,CCS
115011555,CCS
115011556,CCS
115011557,CCS
115011558,CCS
115011621,CCS
115011622,CCS
115021297,CCS
115021298,CCS
115031299,CCS
115031300,CCS
115041301,CCS
115041623,CCS
115041624,CCS
115041625,CCS
116011303,CCS
116011304,CCS
116011306,CCS
116011307,CCS
116011560,CCS
116011561,CCS
116011626,CCS
116011627,CCS
116021309,CCS
116021562,CCS
116021563,CCS
116021628,CCS
116021629,CCS
116021630,CCS
116021631,CCS
116021632,CCS
116021633,CCS
116031313,CCS
116031314,CCS
116031315,CCS
116031316,CCS
116031317,CCS
116031318,CCS
116031319,CCS
117011320,SYD
117011321,SYD
117011323,SYD
117011324,SYD
117011325,SYD
117011634,SYD
117011635,SYD
117021327,SYD
117021328,SYD
117021636,SYD
117021637,SYD
117031329,SYD
117031330,SYD
117031331,SYD
117031333,SYD
117031336,SYD
117031638,SYD
117031639,SYD
117031640,SYD
117031641,SYD
117031642,SYD
117031643,SYD
117031644,SYD
117031645,SYD
117031646,SYD
117031647,SYD
117031648,SYD
118011339,SYD
118011340,SYD
118011341,SYD
118011342,SYD
118011344,SYD
118011345,SYD
118011346,SYD
118011347,SYD
118011649,SYD
118011650,SYD
118021564,SYD
118021565,SYD
118021566,SYD
118021567,SYD
118021568,SYD
118021569,SYD
118021570,SYD
118021651,SYD
118021652,SYD
118021653,SYD
118021654,SYD
119011354,CCS
119011355,CCS
119011356,CCS
119011358,CCS
119011360,CCS
119011361,CCS
119011571,CCS
119011572,CCS
119011655,CCS
119011656,CCS
119011657,CCS
119011658,CCS
119021362,CCS
119021366,CCS
119021367,CCS
119021573,CCS
119021574,CCS
119021659,SYD
119021660,SYD
119021661,SYD
119021662,SYD
119021663,SYD
119031370,CCS
119031371,SYD
119031372,CCS
119031373,CCS
119031374,SYD
119031664,SYD
119031665,SYD
119031666,CCS
119031667,SYD
119041377,SYD
119041378,SYD
119041379,SYD
119041380,SYD
119041381,SYD
119041382,SYD
119041668,SYD
119041669,SYD
119041670,SYD
119041671,SYD
120011383,CCS
120011385,SYD
120011386,SYD
120011672,CCS
120011673,CCS
120021387,SYD
120021389,SYD
120021674,SYD
120021675,SYD
120031392,SYD
120031393,SYD
120031394,SYD
120031395,SYD
120031396,CCS
120031576,CCS
120031676,SYD
120031677,SYD
120031678,CCS
120031679,SYD
120031680,CCS
120031681,CCS
121011399,SYD
121011401,SYD
121011682,SYD
121011683,SYD
121011684,SYD
121011685,SYD
121011686,SYD
121011687,SYD
121021403,CCS
121021404,SYD
121021406,CCS
121021577,CCS
121021578,CCS
121021579,CCS
121031407,SYD
121031408,SYD
121031409,SYD
121031410,SYD
121031411,CCS
121031412,CCS
121041413,SYD
121041414,SYD
121041416,SYD
121041417,SYD
121041688,SYD
121041689,SYD
122011418,SYD
122011419,SYD
122021420,SYD
122021421,SYD
122021422,SYD
122021690,SYD
122021691,SYD
122031424,SYD
122031425,SYD
122031427,SYD
122031429,SYD
122031430,SYD
122031432,SYD
122031692,SYD
122031693,SYD
122031694,SYD
122031695,SYD
122031696,SYD
122031697,SYD
123011433,CCS
123011698,CCS
123011699,CCS
123011700,CCS
123011701,CCS
123011702,CCS
123021436,WOL
123021437,CCS
123021438,CCS
123021439,CCS
123021441,CCS
123021443,CCS
123021444,WOL
123021703,CCS
123021704,CCS
123021705,CCS
123021706,CCS
123031445,WOL
123031446,WOL
123031447,WOL
123031448,CCS
124011449,BTH
124011450,CCS
124011451,CCS
124011452,CCS
124011453,CCS
124011454,CCS
124011455,CCS
124021456,CCS
124031457,CCS
124031459,CCS
124031460,CCS
124031461,CCS
124031462,CCS
124031463,CCS
124031464,CCS
124031465,CCS
124031707,CCS
124031708,CCS
124041466,CCS
124041467,CCS
124041468,CCS
124051469,CCS
124051470,CCS
124051580,CCS
124051581,CCS
125011475,CCS
125011582,CCS
125011583,CCS
125011584,CCS
125011585,CCS
125011586,CCS
125011587,CCS
125011709,CCS
125011710,CCS
125021477,CCS
125021478,CCS
125021711,CCS
125021712,CCS
125031479,CCS
125031480,CCS
125031481,CCS
125031483,CCS
125031484,CCS
125031486,CCS
125031487,CCS
125031713,CCS
125031714,CCS
125031715,CCS
125031716,CCS
125041489,CCS
125041490,CCS
125041491,CCS
125041493,CCS
125041494,CCS
125041588,CCS
125041589,CCS
125041717,CCS
125041718,CCS
125041719,CCS
126011496,CCS
126011720,CCS
126011721,CCS
126021498,SYD
126021499,SYD
126021500,CCS
126021501,SYD
126021503,CCS
126021590,CCS
126021722,CCS
126021723,CCS
126021724,CCS
126021725,CCS
127011504,CCS
127011505,CCS
127011592,CCS
127011593,CCS
127011594,CCS
127011595,CCS
127011596,CCS
127011597,CCS
127011726,CCS
127011727,CCS
127011728,CCS
127011729,CCS
127021509,CCS
127021510,CCS
127021511,CCS
127021512,CCS
127021513,CCS
127021514,CCS
127021515,CCS
127021516,CCS
127021517,CCS
127021518,CCS
127021519,CCS
127021520,CCS
127021521,CCS
127031522,CCS
127031523,CCS
127031524,CCS
127031599,CCS
127031601,CCS
127031730,CCS
127031731,CCS
127031732,CCS
127031733,CCS
128011529,SYD
128011530,SYD
128011531,SYD
128011602,SYD
128011603,SYD
128011604,SYD
128011605,SYD
128011606,SYD
128021533,CCS
128021534,CCS
128021535,CCS
128021536,SYD
128021537,SYD
128021538,CCS
128021607,CCS
128021608,CCS
128021609,CCS
201011001,BAL
201011002,BAL
201011005,BAL
201011006,BAL
201011007,BAL
201011008,BAL
201011481,BAL
201011482,BAL
201011483,BAL
201011484,BAL
201021009,BAL
201021010,BAL
201021011,BAL
201021012,BAL
201031013,BAL
201031014,BAL
201031015,BAL
201031016,BAL
201031017,BEN
202011018,BEN
202011019,BEN
202011020,BEN
202011021,BEN
202011022,BEN
202011023,BEN
202011024,BEN
202011025,BEN
202021026,BEN
202021027,BEN
202021028,BEN
202021029,BEN
202021030,BEN
202021031,BAL
202031032,BEN
202031033,BEN
203011034,GEL
203011035,GEL
203011036,GEL
203021037,GEL
203021039,GEL
203021040,GEL
203021042,GEL
203021043,GEL
203021044,GEL
203021045,GEL
203021046,GEL
203021047,GEL
203021485,GEL
203021486,GEL
203021487,GEL
203021488,GEL
203031048,GEL
203031049,GEL
203031051,GEL
203031052,GEL
203031053,GEL
203031489,GEL
203031490,GEL
204011054,MEL
204011055,SHP
204011056,MEL
204011057,WGR
204011058,SHP
204011059,SHP
204011060,BEN
204011061,TRG
204011062,MEL
204021063,WGR
204021064,WGR
204021065,WGR
204021066,WGR
204021067,WGR
204031068,WGR
204031069,WGR
204031070,WGR
204031071,WGR
204031072,WGR
204031073,WGR
204031075,WGR
204031491,WGR
204031492,WGR
205011076,TRG
205011077,TRG
205011078,TRG
205011079,TRG
205021080,SAL
205021081,SAL
205021082,SAL
205021083,SAL
205021084,SAL
205021085,SAL
205021086,SAL
205031087,TRG
205031088,MEL
205031089,TRG
205031090,TRG
205031091,MEL
205031092,TRG
205031093,TRG
205041094,TRG
205041095,TRG
205041096,TRG
205041098,TRG
205041493,TRG
205041494,TRG
205051099,SAL
205051100,SAL
205051101,SAL
205051102,TRG
205051103,SAL
205051104,TRG
206011106,MEL
206011107,MEL
206011109,MEL
206011495,MEL
206011496,MEL
206011497,MEL
206011498,MEL
206021110,MEL
206021112,MEL
206021499,MEL
206021500,MEL
206031113,MEL
206031115,MEL
206031116,MEL
206031501,MEL
206031502,MEL
206041117,MEL
206041118,MEL
206041119,MEL
206041120,MEL
206041121,MEL
206041124,MEL
206041125,MEL
206041127,MEL
206041503,MEL
206041504,MEL
206041505,MEL
206041506,MEL
206041507,MEL
206041508,MEL
206041509,MEL
206041510,MEL
206051128,MEL
206051129,MEL
206051130,MEL
206051134,MEL
206051511,MEL
206051512,MEL
206051513,MEL
206051514,MEL
206061135,MEL
206061136,MEL
206061138,MEL
206061515,MEL
206061516,MEL
206071139,MEL
206071140,MEL
206071141,MEL
206071142,MEL
206071143,MEL
206071145,MEL
206071517,MEL
206071518,MEL
207011146,MEL
207011147,MEL
207011148,MEL
207011149,MEL
207011150,MEL
207011152,MEL
207011154,MEL
207011155,MEL
207011519,MEL
207011520,MEL
207011521,MEL
207011522,MEL
207021156,MEL
207021157,MEL
207021159,MEL
207021160,MEL
207021424,MEL
207021425,MEL
207031161,MEL
207031162,MEL
207031163,MEL
207031164,MEL
207031165,MEL
207031166,MEL
207031167,MEL
208011168,MEL
208011169,MEL
208011170,MEL
208011171,MEL
208011172,MEL
208011173,MEL
208021174,MEL
208021176,MEL
208021177,MEL
208021178,MEL
208021179,MEL
208021180,MEL
208021181,MEL
208021182,MEL
208021426,MEL
208021427,MEL
208031183,MEL
208031184,MEL
208031185,MEL
208031186,MEL
208031187,MEL
208031188,MEL
208031189,MEL
208031190,MEL
208031191,MEL
208031192,MEL
208031193,MEL
208041194,MEL
208041195,MEL
209011196,MEL
209011197,MEL
209011198,MEL
209011199,MEL
209011200,MEL
209011201,MEL
209011202,MEL
209011203,MEL
209011204,MEL
209021205,MEL
209021428,MEL
209021429,MEL
209021523,MEL
209021524,MEL
209021525,MEL
209021526,MEL
209031209,MEL
209031210,MEL
209031211,MEL
209031212,MEL
209031213,MEL
209031214,MEL
209031215,MEL
209041216,MEL
209041217,MEL
209041220,MEL
209041221,MEL
209041223,MEL
209041224,MEL
209041225,MEL
209041431,MEL
209041432,MEL
209041433,MEL
209041435,MEL
209041436,MEL
209041437,MEL
209041527,MEL
209041528,MEL
209041529,MEL
209041530,MEL
209041531,MEL
209041532,MEL
210011226,MEL
210011227,MEL
210011228,MEL
210011230,MEL
210011231,MEL
210011533,MEL
210011534,MEL
210021232,MEL
210021233,MEL
210021234,MEL
210021235,MEL
210031236,MEL
210031237,MEL
210031439,MEL
210031440,MEL
210031535,MEL
210031536,MEL
210031537,MEL
210031538,MEL
210041240,MEL
210041539,MEL
210041540,MEL
210041541,MEL
210051242,MEL
210051243,MEL
210051245,MEL
210051246,MEL
210051247,MEL
210051248,MEL
210051250,MEL
210051441,MEL
210051442,MEL
210051443,MEL
210051445,MEL
210051542,MEL
210051543,MEL
210051544,MEL
210051545,MEL
211011251,MEL
211011254,MEL
211011255,MEL
211011256,MEL
211011257,MEL
211011258,MEL
211011259,MEL
211011260,MEL
211011446,MEL
211011447,MEL
211011448,MEL
211011449,MEL
211021261,MEL
211021262,MEL
211031263,MEL
211031265,MEL
211031266,MEL
211031267,MEL
211031268,MEL
211031450,MEL
211031451,MEL
211031452,MEL
211041269,MEL
211041270,MEL
211041271,MEL
211041272,MEL
211041273,MEL
211051274,MEL
211051275,MEL
211051276,MEL
211051277,MEL
211051278,MEL
211051279,MEL
211051280,MEL
211051281,MEL
211051282,MEL
211051283,MEL
211051284,MEL
211051285,MEL
211051286,MEL
212011289,MEL
212011546,MEL
212011547,MEL
212011548,MEL
212011549,MEL
212011550,MEL
212011551,MEL
212011552,MEL
212021293,MEL
212021295,MEL
212021297,MEL
212021299,MEL
212021453,MEL
212021454,MEL
212021455,MEL
212021456,MEL
212021553,MEL
212021554,MEL
212031300,MEL
212031303,MEL
212031304,MEL
212031306,MEL
212031308,MEL
212031457,MEL
212031458,MEL
212031555,MEL
212031556,MEL
212031557,MEL
212031558,MEL
212031559,MEL
212031560,MEL
212031561,MEL
212031562,MEL
212041309,MEL
212041310,MEL
212041312,MEL
212041313,MEL
212041316,MEL
212041317,MEL
212041318,MEL
212041459,MEL
212041460,MEL
212041563,MEL
212041564,MEL
212041565,MEL
212041566,MEL
212051319,MEL
212051321,MEL
212051322,MEL
212051323,MEL
212051324,MEL
212051325,MEL
212051326,MEL
212051327,MEL
212051567,MEL
212051568,MEL
213011328,MEL
213011329,MEL
213011331,MEL
213011332,MEL
213011333,MEL
213011334,MEL
213011335,MEL
213011336,MEL
213011337,MEL
213011338,MEL
213011339,MEL
213011340,MEL
213011569,MEL
213011570,MEL
213021341,MEL
213021342,MEL
213021343,MEL
213021344,MEL
213021345,MEL
213021346,MEL
213031347,MEL
213031348,MEL
213031349,MEL
213031350,MEL
213031351,MEL
213031352,MEL
213041353,MEL
213041358,MEL
213041359,MEL
213041360,MEL
213041461,MEL
213041462,MEL
213041463,MEL
213041571,MEL
213041572,MEL
213041573,MEL
213041574,MEL
213041575,MEL
213041576,MEL
213041577,MEL
213041578,MEL
213051361,MEL
213051362,MEL
213051363,MEL
213051368,MEL
213051464,MEL
213051466,MEL
213051467,MEL
213051468,GEL
213051579,GEL
213051580,MEL
213051581,MEL
213051582,MEL
213051583,MEL
213051584,MEL
213051585,MEL
213051586,MEL
213051587,MEL
213051588,MEL
213051589,MEL
213051590,MEL
214011370,MEL
214011371,MEL
214011372,MEL
214011373,MEL
214011374,MEL
214011375,MEL
214011376,MEL
214021377,MEL
214021378,GEL
214021379,MEL
214021381,MEL
214021382,MEL
214021383,GEL
214021384,GEL
214021385,MEL
214021591,MEL
214021592,MEL
215011386,BAL
215011387,BAL
215011388,HOR
215011389,HOR
215011390,HOR
215011391,HOR
215011392,HOR
215011393,HOR
215011394,HOR
215021395,MLD
215021396,MLD
215021398,MLD
215021399,MLD
215021469,MLD
215021470,MLD
215031400,HOR
215031401,BEN
215031402,BEN
215031403,MLD
215031404,BEN
215031405,MLD
216011406,SHP
216011407,SHP
216011408,BEN
216011409,BEN
216011410,BEN
216021411,SHP
216021412,SHP
216021413,SHP
216021414,WGR
216031415,SHP
216031416,SHP
216031418,SHP
216031419,SHP
216031593,SHP
216031594,SHP
217011420,WAR
217011421,WAR
217011422,WAR
217011423,HOR
217031471,WAR
217031472,GEL
217031473,GEL
217031474,WAR
217031475,WAR
217031476,GEL
217041477,WAR
217041478,WAR
217041479,WAR
217041480,WAR
301011001,BNE
301011002,BNE
301011003,BNE
301011004,BNE
301011005,BNE
301011006,BNE
301021007,BNE
301021008,BNE
301021009,BNE
301021011,BNE
301021012,BNE
301021013,BNE
301021550,BNE
301021551,BNE
301031014,BNE
301031015,BNE
301031016,BNE
301031017,BNE
301031018,BNE
301031019,BNE
301031020,BNE
301031021,BNE
302011022,BNE
302011023,BNE
302011024,BNE
302011025,BNE
302011026,BNE
302021027,BNE
302021028,BNE
302021029,BNE
302021030,BNE
302021031,BNE
302021032,BNE
302021033,BNE
302021034,BNE
302031035,BNE
302031036,BNE
302031037,BNE
302031038,BNE
302031039,BNE
302031040,BNE
302041041,BNE
302041042,BNE
302041043,BNE
302041044,BNE
302041045,BNE
302041046,BNE
303011047,BNE
303011048,BNE
303011049,BNE
303011050,BNE
303011051,BNE
303021052,BNE
303021053,BNE
303021054,BNE
303021055,BNE
303021056,BNE
303021057,BNE
303021058,BNE
303021059,BNE
303031060,BNE
303031061,BNE
303031062,BNE
303031063,BNE
303031064,BNE
303031065,BNE
303031066,BNE
303041067,BNE
303041068,BNE
303041069,BNE
303041070,BNE
303041071,BNE
303051072,BNE
303051073,BNE
303051074,BNE
303051075,BNE
303051076,BNE
303061077,BNE
303061078,BNE
303061079,BNE
303061080,BNE
304011081,IPS
304011082,IPS
304011083,IPS
304011084,BNE
304011085,IPS
304021086,IPS
304021087,IPS
304021088,BNE
304021089,BNE
304021090,BNE
304021091,IPS
304031092,BNE
304031093,BNE
304031094,BNE
304031095,BNE
304031096,BNE
304031097,BNE
304041098,BNE
304041099,IPS
304041100,BNE
304041101,BNE
304041102,BNE
304041103,BNE
304041104,BNE
305011105,BNE
305011106,BNE
305011107,BNE
305011108,BNE
305011109,BNE
305011110,BNE
305011111,BNE
305011112,BNE
305021113,BNE
305021114,BNE
305021115,BNE
305021116,BNE
305021117,BNE
305021118,BNE
305031119,BNE
305031120,BNE
305031121,BNE
305031122,BNE
305031123,BNE
305031124,BNE
305031125,BNE
305031126,BNE
305031127,BNE
305031128,BNE
305031129,BNE
305031130,BNE
305031131,BNE
305041132,BNE
305041133,BNE
305041134,BNE
305041135,BNE
305041136,BNE
305041137,BNE
306011138,CNS
306011139,CNS
306011140,CNS
306011141,CNS
306011142,CNS
306011143,CNS
306021144,CNS
306021145,CNS
306021146,CNS
306021147,CNS
306021148,CNS
306021149,CNS
306021150,CNS
306021151,CNS
306021152,CNS
306021153,CNS
306021154,CNS
306021155,CNS
306021156,CNS
306021157,CNS
306031158,CNS
306031159,CNS
306031160,CNS
306031161,CNS
306031162,CNS
306031163,CNS
306041164,CNS
306041165,CNS
306051166,CNS
306051167,CNS
306051168,CNS
306051169,CNS
306051170,CNS
307011171,TWB
307011172,GC
307011173,TWB
307011174,TWB
307011175,GC
307011176,GC
307011177,GC
307011178,TWB
307021179,TWB
307021180,TWB
307021181,TWB
307021182,TWB
307021183,TWB
307031184,TWB
307031185,TWB
307031186,TWB
307031187,TWB
307031188,TWB
307031189,TWB
308011190,ROP
308011191,ROP
308011192,ROP
308031205,ROP
308031206,ROP
308031207,ROP
308031208,ROP
308031209,ROP
308031210,ROP
308031211,ROP
308031212,ROP
308031213,ROP
308031214,ROP
308031215,ROP
308031216,ROP
308031217,ROP
308031218,ROP
308031219,ROP
308031220,ROP
308031221,ROP
308031222,ROP
308031223,ROP
308041528,GC
308041529,GLA
308051530,GLA
308051531,GLA
308051532,GLA
308051533,GLA
308051534,GLA
308051535,GLA
308051536,GLA
308051537,GLA
308051538,GLA
308051539,GLA
309011224,BNE
309011225,BNE
309011226,BNE
309011227,BNE
309011228,BNE
309011229,BNE
309021230,BNE
309021231,BNE
309021232,BNE
309021233,BNE
309021234,BNE
309031235,BNE
309031236,BNE
309031237,BNE
309031238,BNE
309031239,BNE
309031240,BNE
309041241,IPS
309041242,IPS
309051243,BNE
309051244,BNE
309051245,BNE
309061246,BNE
309061247,BNE
309061248,BNE
309061249,BNE
309061250,BNE
309071251,BNE
309071252,BNE
309071253,BNE
309071254,BNE
309071256,BNE
309071552,BNE
309071553,BNE
309071554,BNE
309071555,BNE
309071556,BNE
309071557,BNE
309071558,BNE
309081259,BNE
309081260,BNE
309081262,BNE
309081559,BNE
309081560,BNE
309091263,BNE
309091264,BNE
309091265,BNE
309091540,BNE
309091541,BNE
309101267,BNE
309101268,BNE
309101269,BNE
309101561,BNE
309101562,BNE
310011271,IPS
310011272,BNE
310011274,IPS
310011275,BNE
310011276,IPS
310011563,BNE
310011564,IPS
310021277,IPS
310021278,IPS
310021279,IPS
310021280,IPS
310021281,IPS
310021282,IPS
310031283,IPS
310031284,IPS
310031285,IPS
310031286,IPS
310031287,IPS
310031288,IPS
310031289,IPS
310031290,IPS
310031291,IPS
310031292,IPS
310031293,IPS
310031294,IPS
310031295,IPS
310041297,IPS
310041298,IPS
310041299,IPS
310041300,IPS
310041301,IPS
310041302,IPS
310041303,IPS
310041304,IPS
310041565,IPS
310041566,IPS
311011305,IPS
311021306,BNE
311021307,BNE
311021308,BNE
311021309,BNE
311021310,BNE
311031311,BNE
311031312,BNE
311031313,BNE
311031314,BNE
311031315,IPS
311031316,BNE
311031317,BNE
311031318,IPS
311031319,BNE
311041322,BNE
311041567,IPS
311041568,IPS
311041569,IPS
311041570,IPS
311041571,BNE
311051323,BNE
311051324,BNE
311051325,BNE
311051326,BNE
311051327,BNE
311051328,BNE
311061329,BNE
311061330,BNE
311061331,BNE
311061332,BNE
311061333,BNE
311061334,BNE
311061335,BNE
311061336,BNE
312011337,MKY
312011338,MKY
312011339,MKY
312011340,MKY
312011341,MKY
312021342,MKY
312021343,MKY
312021344,MKY
312021345,MKY
312021346,MKY
312021347,MKY
312021348,MKY
312021349,MKY
312021350,MKY
312021351,MKY
312021352,MKY
312021353,MKY
312021354,MKY
312021355,MKY
312021356,MKY
312021357,MKY
312021358,MKY
312031359,MKY
312031360,MKY
312031361,MKY
313011362,BNE
313011363,BNE
313021364,BNE
313021366,BNE
313021367,BNE
313021368,BNE
313021369,BNE
313021572,BNE
313021573,BNE
313031370,GYP
313031371,BNE
313041372,BNE
313041373,BNE
313041374,BNE
313041375,BNE
313041376,BNE
313051377,BNE
313051378,BNE
313051379,BNE
313051380,BNE
313051574,BNE
313051575,BNE
314011382,BNE
314011383,BNE
314011384,BNE
314011385,BNE
314011386,BNE
314011387,BNE
314021389,BNE
314021576,BNE
314021577,BNE
314021578,BNE
314021579,BNE
314031391,BNE
314031392,BNE
314031393,BNE
314031394,BNE
315011395,CNS
315011396,CNS
315011397,CNS
315011398,CNS
315011399,CNS
315011400,CNS
315011401,CNS
315011402,CNS
315011403,CNS
315021404,CNS
315021405,CNS
315021406,CNS
315021407,TSV
315031408,MKY
315031409,GC
315031410,TSV
315031411,GC
315031412,TSV
316011413,SC
316011414,SC
316011415,SC
316011416,SC
316021417,SC
316021418,SC
316021419,SC
316021421,SC
316021422,SC
316021423,SC
316021424,SC
316021580,SC
316021581,SC
316031425,SC
316031426,SC
316031427,SC
316031428,SC
316051434,SC
316051435,SC
316051437,SC
316051438,SC
316051543,SC
316051544,SC
316061439,SC
316061440,SC
316061441,SC
316061442,SC
316061443,SC
316061444,SC
316071545,SC
316071546,SC
316071547,SC
316071548,SC
316081549,SC
317011445,TWB
317011446,TWB
317011447,TWB
317011448,TWB
317011449,TWB
317011450,TWB
317011451,TWB
317011452,TWB
317011453,TWB
317011454,TWB
317011455,TWB
317011456,TWB
317011457,TWB
317011458,TWB
317011459,TWB
318011460,TSV
318011461,TSV
318011462,TSV
318011463,TSV
318011464,TSV
318011465,TSV
318011466,TSV
318021467,TSV
318021468,TSV
318021469,TSV
318021470,TSV
318021471,TSV
318021472,TSV
318021474,TSV
318021475,TSV
318021476,TSV
318021477,TSV
318021478,TSV
318021479,TSV
318021480,TSV
318021481,TSV
318021482,TSV
318021483,TSV
318021484,TSV
318021485,TSV
318021486,TSV
318021487,TSV
318021488,TSV
318021489,TSV
318021490,TSV
318021491,TSV
318021582,TSV
318021583,TSV
319011492,BDG
319011493,BDG
319011494,BDG
319011495,BDG
319011496,BDG
319011497,BDG
319011498,BDG
319011499,BDG
319011500,BDG
319011501,BDG
319011502,BDG
319021503,GC
319021504,BDG
319021505,GYP
319021506,GYP
319021507,GYP
319021508,GC
319021509,GYP
319021510,GC
319031511,GYP
319031512,GYP
319031513,GYP
319031514,GYP
319031515,GYP
319041516,HVB
319041517,HVB
319041518,HVB
319041519,HVB
319041520,HVB
319041521,HVB
319051522,HVB
319051523,MBH
319051524,MBH
319051525,MBH
319051526,MBH
401011001,ADL
401011002,ADL
401021003,ADL
401021004,ADL
401021005,ADL
401021006,ADL
401021007,ADL
401021008,ADL
401021009,ADL
401021010,ADL
401031011,ADL
401031012,ADL
401031013,ADL
401041014,ADL
401041015,ADL
401041016,ADL
401051017,ADL
401051018,ADL
401051019,ADL
401061020,ADL
401061021,ADL
401061022,ADL
401071023,ADL
401071024,ADL
402011025,ADL
402011026,ADL
402011027,ADL
402021028,ADL
402021029,ADL
402021030,ADL
402021031,ADL
402021032,ADL
402021033,ADL
402021034,ADL
402021035,ADL
402031036,ADL
402031038,ADL
402031175,ADL
402031176,ADL
402041039,ADL
402041040,ADL
402041041,ADL
402041042,ADL
402041043,ADL
402041044,ADL
402041046,ADL
402041047,ADL
402041048,ADL
402041171,ADL
402041172,ADL
402051049,ADL
402051050,ADL
402051051,ADL
402051052,ADL
402051053,ADL
402051054,ADL
402051055,ADL
403011056,ADL
403011057,ADL
403021058,ADL
403021059,ADL
403021060,ADL
403021061,ADL
403021062,ADL
403021063,ADL
403021064,ADL
403031065,ADL
403031066,ADL
403031067,ADL
403031068,ADL
403031069,ADL
403031070,ADL
403041071,ADL
403041072,VHB
403041073,ADL
403041074,ADL
403041075,ADL
403041076,ADL
403041077,ADL
403041078,ADL
403041079,ADL
403041080,ADL
403041081,ADL
403041082,ADL
403041083,ADL
403041084,ADL
403041085,ADL
403041086,ADL
403041088,VHB
403041089,ADL
403041177,ADL
403041178,VHB
404011090,ADL
404011091,ADL
404011092,ADL
404011093,ADL
404011094,ADL
404011095,ADL
404011096,ADL
404011097,ADL
404021098,ADL
404021099,ADL
404021100,ADL
404021101,ADL
404021102,ADL
404021103,ADL
404031104,ADL
404031105,ADL
404031106,ADL
404031107,ADL
404031108,ADL
404031109,ADL
405011110,ADL
405011111,ADL
405011112,ADL
405011113,ADL
405011114,ADL
405011115,ADL
405021116,PPR
405021117,ADL
405021118,PPR
405021119,PPR
405031120,PPR
405031121,PAG
405031122,PPR
405031123,PPR
405041124,PPR
405041125,PPR
405041126,PPR
405041127,ADL
405041128,ADL
406011129,PLN
406011130,PLN
406011131,WHY
406011132,PLN
406011133,PLN
406011134,PLN
406011135,PAG
406011136,WHY
406011137,WHY
406021138,PAG
406021139,PAG
406021140,PAG
406021141,PAG
406021142,PAG
406021143,PAG
407011144,VHB
407011145,VHB
407011146,MBR
407011147,VHB
407011148,VHB
407011149,VHB
407021150,NRC
407021151,NRC
407021152,NRC
407021154,NRC
407021155,NRC
407021156,NRC
407021157,NRC
407021158,NRC
407021173,NRC
407021174,NRC
407031159,MBR
407031160,MBR
407031161,MTG
407031162,MBR
407031163,MBR
407031164,MBR
407031165,MBR
407031166,MBR
407031167,MBR
407031168,MBR
407031169,MTG
407031170,MBR
501011001,BUN
501011003,BUN
501011004,BUN
501011293,BUN
501011294,BUN
501021005,BUN
501021007,BUN
501021008,BUN
501021009,BUN
501021010,BUN
501021011,BUN
501021012,BUN
501021014,BUN
501021015,BUN
501021016,BUN
501021251,BUN
501021252,BUN
501021253,BUN
501021254,BUN
501031017,BUN
501031018,BUN
501031019,BUN
501031020,BUN
502011021,PER
502011022,PER
502011023,PER
502011024,PER
502011025,PER
502011026,PER
502011027,PER
502011028,PER
502011029,PER
503011030,PER
503011031,PER
503011032,PER
503011033,PER
503011034,PER
503011035,PER
503011036,PER
503021037,PER
503021038,PER
503021039,PER
503021040,PER
503021042,PER
503021043,PER
503021295,PER
503021296,PER
503021297,PER
504011044,PER
504011045,PER
504011046,PER
504011047,PER
504011048,PER
504021049,PER
504021050,PER
504021051,PER
504021052,PER
504021053,PER
504021054,PER
504031055,PER
504031056,PER
504031057,PER
504031058,PER
504031060,PER
504031061,PER
504031062,PER
504031063,PER
504031064,PER
504031065,PER
504031066,PER
504031067,PER
504031068,PER
504031069,PER
504031298,PER
504031299,PER
504031300,PER
505011070,PER
505011071,PER
505011072,PER
505011073,PER
505011074,PER
505011075,PER
505011076,PER
505011077,PER
505011078,PER
505011079,PER
505011080,PER
505011081,PER
505011082,PER
505011083,PER
505021084,PER
505021085,PER
505021087,PER
505021088,PER
505021089,PER
505021090,PER
505021091,PER
505021092,PER
505021093,PER
505021094,PER
505021095,PER
505021096,PER
505021097,PER
505021301,PER
505021302,PER
505031098,PER
505031099,PER
505031100,PER
505031101,PER
505031102,PER
505031104,PER
505031105,PER
505031106,PER
505031107,PER
505031255,PER
505031256,PER
505031257,PER
505031258,PER
505031303,PER
505031304,PER
505031305,PER
505031306,PER
506011110,PER
506011111,PER
506011112,PER
506011114,PER
506011115,PER
506011116,PER
506011117,PER
506011307,PER
506011308,PER
506021118,PER
506021119,PER
506021120,PER
506021121,PER
506021123,PER
506021309,PER
506021310,PER
506021311,PER
506031124,PER
506031125,PER
506031126,PER
506031127,PER
506031128,PER
506031129,PER
506031130,PER
506031131,PER
506041132,PER
506041133,PER
506041134,PER
506041135,PER
506041136,PER
506041137,PER
506051138,PER
506051139,PER
506051140,PER
506051141,PER
506061142,PER
506061143,PER
506061144,PER
506071145,PER
506071146,PER
506071147,PER
507011148,PER
507011150,PER
507011151,PER
507011152,PER
507011153,PER
507011154,PER
507011155,PER
507011158,PER
507011159,PER
507011160,PER
507011161,PER
507011163,PER
507011259,PER
507011260,PER
507021164,PER
507021165,PER
507021166,PER
507021167,PER
507031169,PER
507031170,PER
507031172,PER
507031173,PER
507031174,PER
507031261,PER
507041175,PER
507041176,PER
507041177,PER
507041178,PER
507041179,PER
507041180,PER
507041181,PER
507041182,PER
507041183,PER
507041184,PER
507051186,PER
507051187,PER
507051188,PER
507051189,PER
507051190,PER
507051191,PER
507051192,PER
507051193,PER
507051312,PER
507051313,PER
507051314,PER
509011225,ALB
509011226,ALB
509011227,ALB
509011228,ALB
509011229,ALB
509011230,ALB
509011231,ALB
509011232,ALB
509011233,ALB
509011234,ALB
509011235,ALB
509021236,PER
509021237,PER
509021238,PER
509021239,PER
509021240,PER
509021241,PER
509021242,KAL
509021243,PER
509021244,PER
509021245,PER
509031246,PER
509031247,ALB
509031248,PER
509031249,PER
509031250,BUN
510011262,BRO
510011263,BRO
510011264,BRO
510011265,BRO
510011266,BRO
510021267,NWM
510021268,NWM
510021269,PHD
510021270,PHD
510031271,KAR
510031272,PHD
510031273,PHD
511011274,KAL
511011275,KAL
511021276,GER
511021277,GER
511031278,KAL
511031279,KAL
511031280,KAL
511031281,KAL
511031282,KAL
511031283,KAL
511031284,KAL
511041285,GER
511041286,GER
511041287,GER
511041288,GER
511041289,GER
511041290,NWM
511041291,GER
511041292,GER
601011001,HBA
601011002,HBA
601011003,HBA
601021004,HBA
601021005,HBA
601021006,HBA
601021007,HBA
601021008,HBA
601021009,HBA
601021010,HBA
601021011,HBA
601021012,HBA
601031013,HBA
601031014,HBA
601031015,HBA
601031016,HBA
601031017,HBA
601031018,HBA
601031019,HBA
601031020,HBA
601031021,HBA
601041022,HBA
601041023,HBA
601041024,HBA
601041025,HBA
601041026,HBA
601051027,HBA
601051028,HBA
601051029,HBA
601051030,HBA
601051031,HBA
601051032,HBA
601051033,HBA
601061034,HBA
601061035,HBA
602011036,LST
602011037,LST
602011038,LST
602011039,LST
602011040,LST
602011041,LST
602011042,LST
602011043,LST
602011044,LST
602011045,LST
602011046,LST
602011047,LST
602011048,LST
602011049,LST
602011050,LST
602011051,LST
602011052,LST
602021053,DVP
602021054,DVP
602021055,LST
602021056,LST
602021057,LST
602031058,LST
602031059,LST
602031060,LST
602031061,LST
602031062,LST
602031064,LST
602031099,LST
602031100,LST
603011065,LST
603011066,HBA
603011067,HBA
603011068,HBA
603021069,HBA
603021070,HBA
603021071,HBA
603021072,HBA
603031073,HBA
603031074,HBA
604011075,BUR
604011076,BUR
604011077,BUR
604011078,BUR
604011079,BUR
604011080,BUR
604011081,BUR
604011082,DVP
604011083,BUR
604011084,BUR
604021085,DVP
604021086,DVP
604021087,DVP
604021088,DVP
604021089,DVP
604021090,DVP
604021091,DVP
604021092,DVP
604031093,BUR
604031094,BUR
604031095,BUR
604031096,BUR
604031097,BUR
604031098,HBA
701011001,DRW
701011002,DRW
701011003,DRW
701011004,DRW
701011005,DRW
701011006,DRW
701011007,DRW
701011008,DRW
701011009,DRW
701021010,DRW
701021011,DRW
701021012,DRW
701021013,DRW
701021014,DRW
701021015,DRW
701021016,DRW
701021017,DRW
701021018,DRW
701021019,DRW
701021020,DRW
701021021,DRW
701021022,DRW
701021023,DRW
701021024,DRW
701021025,DRW
701021026,DRW
701021027,DRW
701021028,DRW
701021029,DRW
701021030,DRW
701031031,ASP
701031032,ASP
701031033,ASP
701031034,ASP
701031035,ASP
701041036,ASP
701041037,ASP
701041038,ASP
701041039,ASP
701041040,ASP
701041041,ASP
701041042,ASP
701041043,ASP
701041044,ASP
702011045,TNC
702011046,TNC
702011047,TNC
702011048,TNC
702011049,TNC
702011050,TNC
702011051,TNC
702011052,TNC
702011053,TNC
702011054,TNC
702021055,TNC
702021056,TNC
702031057,ASP
702031058,KAT
702031059,DRW
702031060,DRW
702031061,ASP
702041062,TNC
702041063,KAT
702041064,KAT
702051065,KAT
702051066,TNC
702051067,KAT
702051068,TNC
801011001,CBR
801011002,CBR
801011003,CBR
801011004,CBR
801011005,CBR
801011006,CBR
801011007,CBR
801011008,CBR
801011009,CBR
801011010,CBR
801011011,CBR
801011012,CBR
801011013,CBR
801011014,CBR
801011015,CBR
801011016,CBR
801011017,CBR
801011018,CBR
801011019,CBR
801011020,CBR
801011021,CBR
801011022,CBR
801011023,CBR
801011024,CBR
801011025,CBR
801011026,CBR
801011111,CBR
801011142,CBR
801011143,CBR
801011144,CBR
801031031,CBR
801031032,CBR
801031113,CBR
801031114,CBR
801031115,CBR
801041034,CBR
801041035,CBR
801041036,CBR
801041037,CBR
801041038,CBR
801041039,CBR
801041040,CBR
801041043,CBR
801041044,CBR
801041045,CBR
801041046,CBR
801041047,CBR
801041048,CBR
801041116,CBR
801041117,CBR
801041118,CBR
801041119,CBR
801041120,CBR
801041121,CBR
801041122,CBR
801051049,CBR
801051050,CBR
801051051,CBR
801051053,CBR
801051054,CBR
801051055,CBR
801051056,CBR
801051057,CBR
801051058,CBR
801051060,CBR
801051061,CBR
801051123,CBR
801051124,CBR
801051125,CBR
801051126,CBR
801051127,CBR
801051128,CBR
801061062,CBR
801061063,CBR
801061064,CBR
801061066,CBR
801061067,CBR
801061068,CBR
801061069,CBR
801061070,CBR
801061129,CBR
801061130,CBR
801061131,CBR
801071071,CBR
801071072,CBR
801071073,CBR
801071074,CBR
801071075,CBR
801071076,CBR
801071077,CBR
801071078,CBR
801071079,CBR
801071080,CBR
801071081,CBR
801071082,CBR
801071083,CBR
801071084,CBR
801071085,CBR
801071086,CBR
801071087,CBR
801071088,CBR
801071089,CBR
801071090,CBR
801071132,CBR
801081091,CBR
801081092,CBR
801081093,CBR
801081094,CBR
801081095,CBR
801081096,CBR
801081097,CBR
801081098,CBR
801081133,CBR
801091099,CBR
801091100,CBR
801091101,CBR
801091102,CBR
801091103,CBR
801091104,CBR
801091105,CBR
801091106,CBR
801091107,CBR
801091108,CBR
801091109,CBR
801091110,CBR
801101134,CBR
801101135,CBR
801101136,CBR
801101137,CBR
801101139,CBR
801101145,CBR
801101146,CBR
801111140,CBR
801111141,CBR